,mean_fit_time,std_fit_time,mean_score_time,std_score_time,param_gain,param_probability,param_voltages,params,split0_test_score,split1_test_score,split2_test_score,split3_test_score,split4_test_score,mean_test_score,std_test_score,rank_test_score
0,50.85348811149597,0.5398844315010437,1.3998988628387452,0.18434162191505726,10439.664525557388,0.166347378170539,"[-1.6300607380628072, 0.006566045887405729]","{'gain': 10439.664525557388, 'probability': 0.166347378170539, 'voltages': [-1.6300607380628072, 0.006566045887405729]}",126.47445661868836,186.02566618532146,173.4131776700258,137.7683745080624,164.6744995870528,157.67123491383015,22.226970458791634,93
1,67.41240572929382,8.265541550649212,1.5707165718078613,0.1302873905942295,10439.664525557388,0.15358929569156188,"[-1.6300607380628072, 0.006566045887405729]","{'gain': 10439.664525557388, 'probability': 0.15358929569156188, 'voltages': [-1.6300607380628072, 0.006566045887405729]}",155.58183647025623,182.22150696156822,259.8350175410056,200.94471636287258,173.53941721365535,194.4244989098716,35.81871370826774,31
2,58.29813899993896,0.2698774767384668,1.7911730766296388,0.2319177296165085,10439.664525557388,0.11818621084763224,"[-1.6300607380628072, 0.006566045887405729]","{'gain': 10439.664525557388, 'probability': 0.11818621084763224, 'voltages': [-1.6300607380628072, 0.006566045887405729]}",182.70347607882695,182.21485156307537,248.28308053411365,145.74244660207384,206.8930281733545,193.16737659028888,33.77783100015648,32
3,78.20353469848632,11.385982624140249,1.9038129329681397,0.8258799519726973,10439.664525557388,0.11808279787148424,"[-1.6300607380628072, 0.006566045887405729]","{'gain': 10439.664525557388, 'probability': 0.11808279787148424, 'voltages': [-1.6300607380628072, 0.006566045887405729]}",125.16999689244794,217.42337934500847,168.74667135990344,153.80462944257212,155.76135357956136,164.18120612389868,30.18613651436596,82
4,56.5792582988739,0.31050350924705766,1.7571786880493163,0.09975692126697179,10439.664525557388,0.14917359143315315,"[-1.6300607380628072, 0.006566045887405729]","{'gain': 10439.664525557388, 'probability': 0.14917359143315315, 'voltages': [-1.6300607380628072, 0.006566045887405729]}",149.924789632524,139.4006183469865,160.9594188756662,245.8255916224231,296.2441321538267,198.4709101262853,61.73363097531056,22
5,71.10387659072876,22.251141672264676,1.5202911853790284,0.2293263268131541,10439.664525557388,0.11477325699671968,"[-1.6300607380628072, 0.006566045887405729]","{'gain': 10439.664525557388, 'probability': 0.11477325699671968, 'voltages': [-1.6300607380628072, 0.006566045887405729]}",183.40142348148456,149.3020892050733,192.33493542505653,170.49152662068198,120.11981247846376,163.129957442152,25.91963844236845,87
6,64.73333854675293,0.47686368502904314,1.7113588809967042,0.15194340356166586,10439.664525557388,0.14919969781382952,"[-1.6300607380628072, 0.006566045887405729]","{'gain': 10439.664525557388, 'probability': 0.14919969781382952, 'voltages': [-1.6300607380628072, 0.006566045887405729]}",180.89938243986637,156.6689320502799,237.31828558691734,202.67740693442272,165.5878322277675,188.63036784785078,28.913984859542662,41
7,71.2400894165039,21.604349741668823,1.5953278541564941,0.16932006868474644,10439.664525557388,0.12355436744052561,"[-1.6300607380628072, 0.006566045887405729]","{'gain': 10439.664525557388, 'probability': 0.12355436744052561, 'voltages': [-1.6300607380628072, 0.006566045887405729]}",295.8896633192104,272.839254507404,189.02669961206144,152.0347166609828,139.59367915596897,209.8768026511255,63.376073877651415,12
8,63.60596060752869,8.008476366268832,1.679355001449585,0.2282097588281865,10439.664525557388,0.13453462016786175,"[-1.6300607380628072, 0.006566045887405729]","{'gain': 10439.664525557388, 'probability': 0.13453462016786175, 'voltages': [-1.6300607380628072, 0.006566045887405729]}",202.020836007223,84.9610351083711,119.1566039627095,205.9868838095347,162.55414060816696,154.93589989920105,47.02737814978712,95
9,69.21341943740845,11.737740897968608,1.6209091663360595,0.3547782107845961,10439.664525557388,0.11951686621289385,"[-1.6300607380628072, 0.006566045887405729]","{'gain': 10439.664525557388, 'probability': 0.11951686621289385, 'voltages': [-1.6300607380628072, 0.006566045887405729]}",133.58995921915803,221.97495842965046,257.9631953060779,152.35017822106965,257.0953002024871,204.59471827568865,52.30247788623347,16
10,64.39289178848267,9.629887842624852,1.803737211227417,0.06722551291310992,9787.601472191805,0.166347378170539,"[-1.6300607380628072, 0.006566045887405729]","{'gain': 9787.601472191805, 'probability': 0.166347378170539, 'voltages': [-1.6300607380628072, 0.006566045887405729]}",146.31244180038854,122.40998183875199,178.87961089249396,185.18611272962403,161.35202099827492,158.82803365190668,22.742467464575927,91
11,60.55116515159607,0.23971436577687089,1.6317716598510743,0.20826639342016418,9787.601472191805,0.15358929569156188,"[-1.6300607380628072, 0.006566045887405729]","{'gain': 9787.601472191805, 'probability': 0.15358929569156188, 'voltages': [-1.6300607380628072, 0.006566045887405729]}",113.9036260327727,127.18882260805462,152.1919877292938,246.1894575665142,176.22060859293762,163.1389005059146,46.70092368935919,85
12,69.02646164894104,12.528857142080875,1.9608777999877929,0.22322494206254961,9787.601472191805,0.11818621084763224,"[-1.6300607380628072, 0.006566045887405729]","{'gain': 9787.601472191805, 'probability': 0.11818621084763224, 'voltages': [-1.6300607380628072, 0.006566045887405729]}",188.65405718114278,182.58219732054582,207.7135098357957,221.37606752086563,228.20289336907692,205.70574504548534,17.78297121990485,15
13,63.770836210250856,8.699786283587809,1.6056495189666748,0.26950872854532987,9787.601472191805,0.11808279787148424,"[-1.6300607380628072, 0.006566045887405729]","{'gain': 9787.601472191805, 'probability': 0.11808279787148424, 'voltages': [-1.6300607380628072, 0.006566045887405729]}",206.82921740099314,231.45762145527456,133.29561415063588,212.16382371309123,225.10786042165284,201.77082742832954,35.35075490805244,17
14,69.95440654754638,12.64928994048804,2.001561164855957,0.35506450600707196,9787.601472191805,0.14917359143315315,"[-1.6300607380628072, 0.006566045887405729]","{'gain': 9787.601472191805, 'probability': 0.14917359143315315, 'voltages': [-1.6300607380628072, 0.006566045887405729]}",168.70242594267407,139.65306813889822,153.49974405585803,212.1761623568833,186.06589830901507,172.01945976066574,25.34335845559481,74
15,59.28044686317444,0.2238978439914723,1.5778927326202392,0.24500637026425157,9787.601472191805,0.11477325699671968,"[-1.6300607380628072, 0.006566045887405729]","{'gain': 9787.601472191805, 'probability': 0.11477325699671968, 'voltages': [-1.6300607380628072, 0.006566045887405729]}",223.268696395004,202.0519684681825,235.81682236327333,180.2962635468797,274.34125313522264,223.15500078171243,31.820045294258524,6
16,70.24614419937134,12.144442855824149,1.629352855682373,0.41893699598646045,9787.601472191805,0.14919969781382952,"[-1.6300607380628072, 0.006566045887405729]","{'gain': 9787.601472191805, 'probability': 0.14919969781382952, 'voltages': [-1.6300607380628072, 0.006566045887405729]}",226.35705549389067,148.51823830360595,151.7114975464673,265.0004460481936,105.97336024229014,179.51211952688953,57.69600743563655,67
17,63.92084288597107,5.5930356164087565,1.6263998031616211,0.16798451723302177,9787.601472191805,0.12355436744052561,"[-1.6300607380628072, 0.006566045887405729]","{'gain': 9787.601472191805, 'probability': 0.12355436744052561, 'voltages': [-1.6300607380628072, 0.006566045887405729]}",223.4456813091651,242.54907509667206,105.99007273764107,143.28743038261263,239.44631873508692,190.94371565223557,55.78572643773038,36
18,63.34231681823731,9.083674611126497,1.7389992713928222,0.6017688617234684,9787.601472191805,0.13453462016786175,"[-1.6300607380628072, 0.006566045887405729]","{'gain': 9787.601472191805, 'probability': 0.13453462016786175, 'voltages': [-1.6300607380628072, 0.006566045887405729]}",117.42148169628466,181.81964439777207,191.48841765381152,211.35056954420347,152.16364480611267,170.84875161963686,32.83400659572904,75
19,64.73789677619934,7.808884610122317,1.7159637451171874,0.0822583343622237,9787.601472191805,0.11951686621289385,"[-1.6300607380628072, 0.006566045887405729]","{'gain': 9787.601472191805, 'probability': 0.11951686621289385, 'voltages': [-1.6300607380628072, 0.006566045887405729]}",127.13493958371448,191.03956360857595,227.91411078757042,176.41550843921308,185.2538283971071,181.5515901632362,32.37518408426809,59
20,61.384460306167604,5.626856276424735,1.3923160552978515,0.10895361878046876,9322.227136259227,0.166347378170539,"[-1.6300607380628072, 0.006566045887405729]","{'gain': 9322.227136259227, 'probability': 0.166347378170539, 'voltages': [-1.6300607380628072, 0.006566045887405729]}",220.42060728249012,215.45673801328573,150.63635753814484,115.2017188642376,180.430110518168,176.42910644326525,39.720209192538825,68
21,65.25753660202027,7.877083582762746,1.6770977973937988,0.23216733029118763,9322.227136259227,0.15358929569156188,"[-1.6300607380628072, 0.006566045887405729]","{'gain': 9322.227136259227, 'probability': 0.15358929569156188, 'voltages': [-1.6300607380628072, 0.006566045887405729]}",203.4789273138257,171.33129668761353,223.0965973600881,190.33900289376584,151.95881804106932,188.0409284592725,24.712925213333648,44
22,66.31139163970947,6.974727377669263,1.673924160003662,0.4701730531476311,9322.227136259227,0.11818621084763224,"[-1.6300607380628072, 0.006566045887405729]","{'gain': 9322.227136259227, 'probability': 0.11818621084763224, 'voltages': [-1.6300607380628072, 0.006566045887405729]}",215.87441600694254,176.4360150417972,161.875785232369,231.68289036588604,214.29845842991008,200.03351301538095,26.339931898613393,19
23,64.7372814655304,8.347074222569749,1.6622420787811278,0.26806105412372194,9322.227136259227,0.11808279787148424,"[-1.6300607380628072, 0.006566045887405729]","{'gain': 9322.227136259227, 'probability': 0.11808279787148424, 'voltages': [-1.6300607380628072, 0.006566045887405729]}",208.33745527959692,135.2910277939159,164.10762651848816,275.949049107445,246.83669777174148,206.1043712942375,51.615199878796105,14
24,62.05683498382568,4.708095263006257,1.5012160301208497,0.24429481931380265,9322.227136259227,0.14917359143315315,"[-1.6300607380628072, 0.006566045887405729]","{'gain': 9322.227136259227, 'probability': 0.14917359143315315, 'voltages': [-1.6300607380628072, 0.006566045887405729]}",151.5669603936087,160.68973407646521,237.22837222156804,155.9916251062273,140.14915161047756,169.12516868166935,34.72633899454562,76
25,66.862517786026,8.80650992081713,1.7195218086242676,0.3251204659183588,9322.227136259227,0.11477325699671968,"[-1.6300607380628072, 0.006566045887405729]","{'gain': 9322.227136259227, 'probability': 0.11477325699671968, 'voltages': [-1.6300607380628072, 0.006566045887405729]}",173.3315567124765,188.43368839141672,139.18973043385074,224.99778004539203,172.0929633079402,179.60914377821524,27.81233874796122,66
26,63.98013257980347,8.173107966451829,1.7614071369171143,0.18965664050429276,9322.227136259227,0.14919969781382952,"[-1.6300607380628072, 0.006566045887405729]","{'gain': 9322.227136259227, 'probability': 0.14919969781382952, 'voltages': [-1.6300607380628072, 0.006566045887405729]}",182.973899626261,149.96021867442727,163.19052734151305,199.48003040269168,170.63306827196212,173.24754886337104,16.929405924936816,72
27,67.90970697402955,7.731683405181168,1.947636651992798,0.49677211162837936,9322.227136259227,0.12355436744052561,"[-1.6300607380628072, 0.006566045887405729]","{'gain': 9322.227136259227, 'probability': 0.12355436744052561, 'voltages': [-1.6300607380628072, 0.006566045887405729]}",206.38616364163326,212.3967260250206,124.09171206432792,186.5844562255078,172.15326611261744,180.3224648138214,31.54653872444828,65
28,63.729698705673215,8.385032998337142,1.7071520328521728,0.15747278445769064,9322.227136259227,0.13453462016786175,"[-1.6300607380628072, 0.006566045887405729]","{'gain': 9322.227136259227, 'probability': 0.13453462016786175, 'voltages': [-1.6300607380628072, 0.006566045887405729]}",226.30667297405088,209.87256590537302,223.31388164881548,100.5089669194984,162.61608066458703,184.52363362246496,47.815225995697666,53
29,64.69523444175721,7.397791810301955,1.669874668121338,0.34344017242685076,9322.227136259227,0.11951686621289385,"[-1.6300607380628072, 0.006566045887405729]","{'gain': 9322.227136259227, 'probability': 0.11951686621289385, 'voltages': [-1.6300607380628072, 0.006566045887405729]}",141.92713243629092,202.00776107517018,123.8805508807854,121.38030807168657,238.75512623257487,165.5901757393016,46.762154197095626,79
30,65.74384846687317,8.157824796557774,1.8747997760772706,0.39530140760775934,11921.012716760313,0.166347378170539,"[-1.6300607380628072, 0.006566045887405729]","{'gain': 11921.012716760313, 'probability': 0.166347378170539, 'voltages': [-1.6300607380628072, 0.006566045887405729]}",137.99904500946465,105.12840334349612,190.94994561141036,192.78307298152973,100.1079154856581,145.3936764863118,40.11957502798763,98
31,69.26802997589111,8.262397251078548,1.9273285865783691,0.6279044115494959,11921.012716760313,0.15358929569156188,"[-1.6300607380628072, 0.006566045887405729]","{'gain': 11921.012716760313, 'probability': 0.15358929569156188, 'voltages': [-1.6300607380628072, 0.006566045887405729]}",161.3503784377682,104.16993996902833,162.4244724746787,140.8265958526852,134.51656494857647,140.65759033654737,21.312334562125415,99
32,61.158914470672606,6.761545071830681,1.5520288467407226,0.321791717985141,11921.012716760313,0.11818621084763224,"[-1.6300607380628072, 0.006566045887405729]","{'gain': 11921.012716760313, 'probability': 0.11818621084763224, 'voltages': [-1.6300607380628072, 0.006566045887405729]}",118.4436565301484,257.5794825207499,110.16520977623257,199.19635207957495,125.84072417130845,162.24508501560285,57.28909061260917,88
33,65.93698902130127,8.621204190007056,1.7716917991638184,0.3818360499567675,11921.012716760313,0.11808279787148424,"[-1.6300607380628072, 0.006566045887405729]","{'gain': 11921.012716760313, 'probability': 0.11808279787148424, 'voltages': [-1.6300607380628072, 0.006566045887405729]}",208.91135257819397,188.76267354126102,126.72355865721046,180.53517734293905,217.28979359708936,184.44451114333876,31.758704893079827,54
34,67.29720845222474,9.462793848322017,1.8528489589691162,0.38373552543402695,11921.012716760313,0.14917359143315315,"[-1.6300607380628072, 0.006566045887405729]","{'gain': 11921.012716760313, 'probability': 0.14917359143315315, 'voltages': [-1.6300607380628072, 0.006566045887405729]}",202.83342873525513,149.4617580445206,189.84423947934195,139.14993440771798,191.43435184268643,174.5447425019044,25.304275644916064,70
35,61.279237031936646,8.890813472989969,1.731654453277588,0.27333459902909885,11921.012716760313,0.11477325699671968,"[-1.6300607380628072, 0.006566045887405729]","{'gain': 11921.012716760313, 'probability': 0.11477325699671968, 'voltages': [-1.6300607380628072, 0.006566045887405729]}",196.60491927634698,208.24891117466743,171.48526294770204,298.16483616174935,132.46656307619662,201.39409852733246,54.91820089138798,18
36,66.93038716316224,10.274514613252487,1.881387758255005,0.4737843769366502,11921.012716760313,0.14919969781382952,"[-1.6300607380628072, 0.006566045887405729]","{'gain': 11921.012716760313, 'probability': 0.14919969781382952, 'voltages': [-1.6300607380628072, 0.006566045887405729]}",110.82593343957126,216.01046786713997,110.0271098111103,133.4737255631259,157.56908949689435,145.58126523556834,39.30039207681151,97
37,64.04098100662232,11.15105514129063,1.5925539493560792,0.25040851915941753,11921.012716760313,0.12355436744052561,"[-1.6300607380628072, 0.006566045887405729]","{'gain': 11921.012716760313, 'probability': 0.12355436744052561, 'voltages': [-1.6300607380628072, 0.006566045887405729]}",237.29710612495697,197.35865404958088,183.85657832855347,210.9804232228944,235.91351118785965,213.08125458276908,21.040032175291664,10
38,66.09386940002442,6.943980492583646,1.3105329513549804,0.05324195165471575,11921.012716760313,0.13453462016786175,"[-1.6300607380628072, 0.006566045887405729]","{'gain': 11921.012716760313, 'probability': 0.13453462016786175, 'voltages': [-1.6300607380628072, 0.006566045887405729]}",126.05019481674621,271.5468335778543,228.80185125080342,199.4561010761191,156.31372593160617,196.43374133062585,51.501970992701935,26
39,64.16822605133056,10.59206757238247,1.691810417175293,0.1876342524472317,11921.012716760313,0.11951686621289385,"[-1.6300607380628072, 0.006566045887405729]","{'gain': 11921.012716760313, 'probability': 0.11951686621289385, 'voltages': [-1.6300607380628072, 0.006566045887405729]}",243.24539075304168,280.3595100365041,205.62538843628522,121.42379297745457,246.0385466506033,219.33852577077778,54.37524227543979,7
40,60.82294430732727,1.0647788160616452,1.5481584072113037,0.1593370230704463,10897.895780802504,0.166347378170539,"[-1.6300607380628072, 0.006566045887405729]","{'gain': 10897.895780802504, 'probability': 0.166347378170539, 'voltages': [-1.6300607380628072, 0.006566045887405729]}",128.3420581777964,160.1931701706716,171.65274880385834,131.59105944365294,195.44191884122324,157.44419108744052,25.17373976394056,94
41,69.69638295173645,13.300580813642512,1.7225568294525146,0.24145252661819444,10897.895780802504,0.15358929569156188,"[-1.6300607380628072, 0.006566045887405729]","{'gain': 10897.895780802504, 'probability': 0.15358929569156188, 'voltages': [-1.6300607380628072, 0.006566045887405729]}",156.71708117956965,186.00010561291415,217.19985154762279,197.18976485883897,196.05111564835724,190.63158376946058,19.74790112165784,37
42,63.119143629074095,10.664489640015027,1.6478798389434814,0.1871447341816929,10897.895780802504,0.11818621084763224,"[-1.6300607380628072, 0.006566045887405729]","{'gain': 10897.895780802504, 'probability': 0.11818621084763224, 'voltages': [-1.6300607380628072, 0.006566045887405729]}",210.30913180422922,172.09002718158322,157.60320030829982,175.52643959169464,152.58309165351884,173.62237810786513,20.254170326899544,71
43,68.36138277053833,13.09870116373193,1.8250836372375487,0.36190787159766125,10897.895780802504,0.11808279787148424,"[-1.6300607380628072, 0.006566045887405729]","{'gain': 10897.895780802504, 'probability': 0.11808279787148424, 'voltages': [-1.6300607380628072, 0.006566045887405729]}",215.2318507035052,229.38326367601175,173.9347212535814,165.60009844085232,122.99217430645051,181.42842167608023,37.85188252744142,60
44,58.718825054168704,0.6025991725690704,1.543075942993164,0.10804416875394773,10897.895780802504,0.14917359143315315,"[-1.6300607380628072, 0.006566045887405729]","{'gain': 10897.895780802504, 'probability': 0.14917359143315315, 'voltages': [-1.6300607380628072, 0.006566045887405729]}",185.98369361529626,209.1122866527985,199.1447641182217,180.7771843188093,142.68760295573185,183.54110633217152,22.715517317263913,56
45,68.29313974380493,11.45389241989734,1.5839407444000244,0.36820037501886377,10897.895780802504,0.11477325699671968,"[-1.6300607380628072, 0.006566045887405729]","{'gain': 10897.895780802504, 'probability': 0.11477325699671968, 'voltages': [-1.6300607380628072, 0.006566045887405729]}",220.2911165952161,215.55476648244027,208.9822115405107,143.44285884490566,172.34627417470676,192.1234455275559,29.62295904542031,34
46,63.93190975189209,10.511502407069216,1.7919204711914063,0.3747780112900005,10897.895780802504,0.14919969781382952,"[-1.6300607380628072, 0.006566045887405729]","{'gain': 10897.895780802504, 'probability': 0.14919969781382952, 'voltages': [-1.6300607380628072, 0.006566045887405729]}",160.01321317407542,167.76611683546048,219.0035485330907,122.7959720832784,136.37853928115297,161.1914779814116,33.09606165575014,89
47,62.69571862220764,9.80233140152981,1.7469858169555663,0.3566629353374534,10897.895780802504,0.12355436744052561,"[-1.6300607380628072, 0.006566045887405729]","{'gain': 10897.895780802504, 'probability': 0.12355436744052561, 'voltages': [-1.6300607380628072, 0.006566045887405729]}",163.16909792584133,200.20526697352577,225.25752094869952,112.40592846594495,159.41553885568223,172.09067063393877,38.52185450513002,73
48,63.55082764625549,10.256466147937992,1.7409188270568847,0.24214034523374933,10897.895780802504,0.13453462016786175,"[-1.6300607380628072, 0.006566045887405729]","{'gain': 10897.895780802504, 'probability': 0.13453462016786175, 'voltages': [-1.6300607380628072, 0.006566045887405729]}",105.47056446517736,218.07373086063808,131.33467190849498,216.36350523654198,168.250452482856,167.89858499074165,44.945956558639494,77
49,63.283384275436404,9.992078965498841,1.725123357772827,0.4325402301566955,10897.895780802504,0.11951686621289385,"[-1.6300607380628072, 0.006566045887405729]","{'gain': 10897.895780802504, 'probability': 0.11951686621289385, 'voltages': [-1.6300607380628072, 0.006566045887405729]}",167.4344536171171,236.8662042482912,204.16756337397297,168.42267833887058,211.92529979928656,197.76323987550768,26.650797176404335,23
50,69.69700112342835,12.075432686981797,1.7941322326660156,0.19941750435755112,8502.909710724283,0.166347378170539,"[-1.6300607380628072, 0.006566045887405729]","{'gain': 8502.909710724283, 'probability': 0.166347378170539, 'voltages': [-1.6300607380628072, 0.006566045887405729]}",263.5943377774345,142.49432075599836,167.02853977502792,165.31260483275778,166.35350814321737,180.95666225688717,42.33277304358168,62
51,59.83267378807068,0.2878036401044242,1.49648175239563,0.2655317047622251,8502.909710724283,0.15358929569156188,"[-1.6300607380628072, 0.006566045887405729]","{'gain': 8502.909710724283, 'probability': 0.15358929569156188, 'voltages': [-1.6300607380628072, 0.006566045887405729]}",211.38300684950852,185.03426085978523,155.8415990537345,131.45640086315407,259.6640805700485,188.67586963924614,44.54291956718865,40
52,68.3613778591156,12.664524952112497,1.9346910953521728,0.4089479093174677,8502.909710724283,0.11818621084763224,"[-1.6300607380628072, 0.006566045887405729]","{'gain': 8502.909710724283, 'probability': 0.11818621084763224, 'voltages': [-1.6300607380628072, 0.006566045887405729]}",268.317719933903,180.07200641714107,220.09344131332873,345.493959149883,186.47928838675352,240.09128304020186,61.29099294611953,2
53,63.37073087692261,10.998435395269183,1.5589735507965088,0.27012073169511824,8502.909710724283,0.11808279787148424,"[-1.6300607380628072, 0.006566045887405729]","{'gain': 8502.909710724283, 'probability': 0.11808279787148424, 'voltages': [-1.6300607380628072, 0.006566045887405729]}",132.94030753535054,225.5201310550767,254.56100573801928,188.8055879418371,181.95812653379804,196.75703176081632,41.287825406922174,25
54,64.37642440795898,10.364625209206771,1.649371576309204,0.19171110287833,8502.909710724283,0.14917359143315315,"[-1.6300607380628072, 0.006566045887405729]","{'gain': 8502.909710724283, 'probability': 0.14917359143315315, 'voltages': [-1.6300607380628072, 0.006566045887405729]}",184.60956129455596,252.93567891017378,147.1568256923128,193.1828789901541,165.0056226964809,188.57811351673553,35.917224012110665,42
55,62.96218800544739,9.534700133068458,1.7059438705444336,0.11349854991939924,8502.909710724283,0.11477325699671968,"[-1.6300607380628072, 0.006566045887405729]","{'gain': 8502.909710724283, 'probability': 0.11477325699671968, 'voltages': [-1.6300607380628072, 0.006566045887405729]}",241.46834594330335,165.08741409753452,169.46621616266034,177.88707059708688,184.32042182795294,187.6458937257076,27.72196037204043,45
56,65.84173340797425,9.268669459425974,1.4798667907714844,0.43236825026521586,8502.909710724283,0.14919969781382952,"[-1.6300607380628072, 0.006566045887405729]","{'gain': 8502.909710724283, 'probability': 0.14919969781382952, 'voltages': [-1.6300607380628072, 0.006566045887405729]}",204.8761302587101,156.30477813293453,182.28433722629575,188.867798896341,201.72312081134524,186.81123306512532,17.343995780985278,47
57,65.59213795661927,10.283159090492296,1.5599698543548584,0.43637951892654686,8502.909710724283,0.12355436744052561,"[-1.6300607380628072, 0.006566045887405729]","{'gain': 8502.909710724283, 'probability': 0.12355436744052561, 'voltages': [-1.6300607380628072, 0.006566045887405729]}",210.5484478622674,174.34290359019906,184.651848311712,153.115293356227,210.56591314711727,186.64488125350454,22.014269748377295,49
58,57.15942130088806,0.45019638163314696,1.4573477745056151,0.1156284878560553,8502.909710724283,0.13453462016786175,"[-1.6300607380628072, 0.006566045887405729]","{'gain': 8502.909710724283, 'probability': 0.13453462016786175, 'voltages': [-1.6300607380628072, 0.006566045887405729]}",186.76081222133087,206.25044039852435,186.31154132066615,154.8336484499644,218.99967874373533,190.6312242268442,21.74320724501515,38
59,69.48982725143432,10.279316210806016,1.8139943599700927,0.3727313844165627,8502.909710724283,0.11951686621289385,"[-1.6300607380628072, 0.006566045887405729]","{'gain': 8502.909710724283, 'probability': 0.11951686621289385, 'voltages': [-1.6300607380628072, 0.006566045887405729]}",247.24109779869192,220.98619036164385,207.3034170033213,159.30732652672387,165.3059082415434,200.02878798638488,33.42170235236742,20
60,61.353164958953855,8.310800628186426,1.5732202529907227,0.17379944405865286,10064.54473070203,0.166347378170539,"[-1.6300607380628072, 0.006566045887405729]","{'gain': 10064.54473070203, 'probability': 0.166347378170539, 'voltages': [-1.6300607380628072, 0.006566045887405729]}",240.59694011973548,213.2080650501031,115.08669223267896,201.45268412740873,178.72233325183603,189.81334295635247,42.3529074568356,39
61,71.26511888504028,9.993040261315853,1.6802360534667968,0.24222064745703004,10064.54473070203,0.15358929569156188,"[-1.6300607380628072, 0.006566045887405729]","{'gain': 10064.54473070203, 'probability': 0.15358929569156188, 'voltages': [-1.6300607380628072, 0.006566045887405729]}",229.4538547838431,213.7875839458592,192.7950770626985,179.94419017916098,117.40284810163307,186.67671081463897,38.59148295396811,48
62,61.10748414993286,8.071386824860554,1.4891788482666015,0.15393257441639446,10064.54473070203,0.11818621084763224,"[-1.6300607380628072, 0.006566045887405729]","{'gain': 10064.54473070203, 'probability': 0.11818621084763224, 'voltages': [-1.6300607380628072, 0.006566045887405729]}",157.86844104354574,144.62389761658235,167.16256944847308,196.78339215467426,105.55432398070921,154.39852484879694,29.84204224060003,96
63,62.02284121513367,8.28900083478475,1.4311947345733642,0.17115101950650238,10064.54473070203,0.11808279787148424,"[-1.6300607380628072, 0.006566045887405729]","{'gain': 10064.54473070203, 'probability': 0.11808279787148424, 'voltages': [-1.6300607380628072, 0.006566045887405729]}",149.46474516312475,161.6944769264167,223.06251707399852,271.68621380528265,152.35202725139163,191.65199604404285,48.19502355991261,35
64,66.82362565994262,9.961039278672251,1.7876007556915283,0.44298014594808044,10064.54473070203,0.14917359143315315,"[-1.6300607380628072, 0.006566045887405729]","{'gain': 10064.54473070203, 'probability': 0.14917359143315315, 'voltages': [-1.6300607380628072, 0.006566045887405729]}",188.26949469103053,180.35516898293773,155.79290765848586,175.26263059997086,218.3967866524188,183.61539771696874,20.424957272348944,55
65,60.803103876113894,8.132837940715605,1.4766629219055176,0.1050386316364918,10064.54473070203,0.11477325699671968,"[-1.6300607380628072, 0.006566045887405729]","{'gain': 10064.54473070203, 'probability': 0.11477325699671968, 'voltages': [-1.6300607380628072, 0.006566045887405729]}",200.7878716955902,177.71596534065955,218.7830924996682,191.62719249896733,186.8699743310574,195.15681927318855,13.9658368035155,29
66,71.12551651000976,11.082080963020768,1.67850022315979,0.36313805801226084,10064.54473070203,0.14919969781382952,"[-1.6300607380628072, 0.006566045887405729]","{'gain': 10064.54473070203, 'probability': 0.14919969781382952, 'voltages': [-1.6300607380628072, 0.006566045887405729]}",143.49510593165303,116.60368179634436,111.53917126670585,227.43845395338397,221.87192348766007,164.18966728714946,50.58145373782462,81
67,61.06161246299744,8.090806396794145,1.432658576965332,0.05474970618283433,10064.54473070203,0.12355436744052561,"[-1.6300607380628072, 0.006566045887405729]","{'gain': 10064.54473070203, 'probability': 0.12355436744052561, 'voltages': [-1.6300607380628072, 0.006566045887405729]}",248.9031888604073,224.78117920356192,93.57497612661257,174.87344677398946,199.32025483326478,188.29060915956723,53.43813430711815,43
68,62.49192299842834,6.47042559526654,1.4352306842803955,0.2059879976187086,10064.54473070203,0.13453462016786175,"[-1.6300607380628072, 0.006566045887405729]","{'gain': 10064.54473070203, 'probability': 0.13453462016786175, 'voltages': [-1.6300607380628072, 0.006566045887405729]}",110.63075712050397,243.99006933092406,207.89320622268758,153.58253158085913,195.79033235766283,182.3773793225275,46.051730381079516,57
69,61.82359943389893,9.848514835687077,1.5781836032867431,0.5483896769667926,10064.54473070203,0.11951686621289385,"[-1.6300607380628072, 0.006566045887405729]","{'gain': 10064.54473070203, 'probability': 0.11951686621289385, 'voltages': [-1.6300607380628072, 0.006566045887405729]}",207.2587651074734,226.15052909315605,143.00289396569406,146.96019673295146,271.95704248487834,199.06588547683066,48.932369211165756,21
70,63.103083562850955,9.770233935331877,1.6235286712646484,0.2700611042761584,10304.623509977035,0.166347378170539,"[-1.6300607380628072, 0.006566045887405729]","{'gain': 10304.623509977035, 'probability': 0.166347378170539, 'voltages': [-1.6300607380628072, 0.006566045887405729]}",196.52999284113318,127.36110779627057,216.74681165520624,120.31199013347361,156.9681057452049,163.5836016342577,37.78904021237863,84
71,68.87448415756225,12.22581025376043,1.6819371700286865,0.1941893856894592,10304.623509977035,0.15358929569156188,"[-1.6300607380628072, 0.006566045887405729]","{'gain': 10304.623509977035, 'probability': 0.15358929569156188, 'voltages': [-1.6300607380628072, 0.006566045887405729]}",285.5410779096598,191.61053004239292,141.89598397872,290.63768948959546,135.0399043672309,208.9450371575198,67.52580577201729,13
72,62.54312624931335,10.209742292772455,1.4286890029907227,0.19832931473799856,10304.623509977035,0.11818621084763224,"[-1.6300607380628072, 0.006566045887405729]","{'gain': 10304.623509977035, 'probability': 0.11818621084763224, 'voltages': [-1.6300607380628072, 0.006566045887405729]}",203.70186014196648,132.68967351249043,170.6885215089718,267.16694405626066,206.45038996540134,196.13947783701812,44.45679776907925,27
73,62.36575365066528,9.530422027246551,1.667210578918457,0.24191838345095348,10304.623509977035,0.11808279787148424,"[-1.6300607380628072, 0.006566045887405729]","{'gain': 10304.623509977035, 'probability': 0.11808279787148424, 'voltages': [-1.6300607380628072, 0.006566045887405729]}",200.22761848034136,176.29864279027743,241.00455516366947,179.81562206264832,269.66302911152815,213.40189352169295,36.34686417231441,9
74,64.26620893478393,9.910659187380741,1.3452081680297852,0.13574495046131987,10304.623509977035,0.14917359143315315,"[-1.6300607380628072, 0.006566045887405729]","{'gain': 10304.623509977035, 'probability': 0.14917359143315315, 'voltages': [-1.6300607380628072, 0.006566045887405729]}",208.22326536862371,127.83937856092633,188.57525815960847,237.92452394989968,143.1229988171167,181.13708497123497,40.741912251115245,61
75,62.2978232383728,9.552312057751916,1.5469867706298828,0.18080792081726055,10304.623509977035,0.11477325699671968,"[-1.6300607380628072, 0.006566045887405729]","{'gain': 10304.623509977035, 'probability': 0.11477325699671968, 'voltages': [-1.6300607380628072, 0.006566045887405729]}",226.79621515346966,191.45218444691378,207.27201128004432,197.0794807548483,140.3607797843049,192.5921342839162,28.75749673945053,33
76,63.535869455337526,10.398557034807954,1.5755158424377442,0.39050252744807135,10304.623509977035,0.14919969781382952,"[-1.6300607380628072, 0.006566045887405729]","{'gain': 10304.623509977035, 'probability': 0.14919969781382952, 'voltages': [-1.6300607380628072, 0.006566045887405729]}",162.84608588934827,185.52706077952178,146.00751873861432,122.52233679256001,201.90508882514305,163.76161820503748,28.090508788956665,83
77,66.65819573402405,12.139027221676702,1.4465370655059815,0.17477782277011167,10304.623509977035,0.12355436744052561,"[-1.6300607380628072, 0.006566045887405729]","{'gain': 10304.623509977035, 'probability': 0.12355436744052561, 'voltages': [-1.6300607380628072, 0.006566045887405729]}",201.69056911812345,159.2436855239975,195.62459863096947,233.91567897329483,261.10798766298467,210.31650398187398,34.74302086793562,11
78,57.187091493606566,0.18667075231015476,1.5766225814819337,0.13488251147401928,10304.623509977035,0.13453462016786175,"[-1.6300607380628072, 0.006566045887405729]","{'gain': 10304.623509977035, 'probability': 0.13453462016786175, 'voltages': [-1.6300607380628072, 0.006566045887405729]}",298.2108375473187,220.4062508262887,192.56229168494596,251.74908596687442,188.29176924823295,230.24404705473216,40.88677498656596,3
79,69.04492959976196,12.044246986568705,1.6649647235870362,0.4744219651232363,10304.623509977035,0.11951686621289385,"[-1.6300607380628072, 0.006566045887405729]","{'gain': 10304.623509977035, 'probability': 0.11951686621289385, 'voltages': [-1.6300607380628072, 0.006566045887405729]}",234.66392827077757,285.0026732028883,229.378685573564,224.87968774604283,253.0323497094445,245.39146490054344,21.998423078884763,1
80,63.908738136291504,10.067941618478377,1.4102357864379882,0.09958577909134016,11425.279675248472,0.166347378170539,"[-1.6300607380628072, 0.006566045887405729]","{'gain': 11425.279675248472, 'probability': 0.166347378170539, 'voltages': [-1.6300607380628072, 0.006566045887405729]}",168.65612916865163,190.64823161283206,192.99030936446465,170.82774212540517,203.02217121757073,185.22891669778485,13.328609921748582,52
81,58.89905424118042,1.1037362112149984,1.2767751216888428,0.06231664397742629,11425.279675248472,0.15358929569156188,"[-1.6300607380628072, 0.006566045887405729]","{'gain': 11425.279675248472, 'probability': 0.15358929569156188, 'voltages': [-1.6300607380628072, 0.006566045887405729]}",152.3108836009294,157.97629627523887,120.1865170516836,266.26613362512455,132.1047538990866,165.7689168904126,52.062587742948125,78
82,68.15309014320374,11.627013304894204,1.6713276863098145,0.4543316387272366,11425.279675248472,0.11818621084763224,"[-1.6300607380628072, 0.006566045887405729]","{'gain': 11425.279675248472, 'probability': 0.11818621084763224, 'voltages': [-1.6300607380628072, 0.006566045887405729]}",223.7314085547674,163.2371919832403,237.72002700100265,203.1685165256125,145.9131708700157,194.75406298692772,35.0294434692028,30
83,62.131124925613406,10.34440511546489,1.4586408138275146,0.047415067406219015,11425.279675248472,0.11808279787148424,"[-1.6300607380628072, 0.006566045887405729]","{'gain': 11425.279675248472, 'probability': 0.11808279787148424, 'voltages': [-1.6300607380628072, 0.006566045887405729]}",264.01034403097304,195.26644329603005,88.62124591227006,241.65510850822514,191.01950156503815,196.11452866250727,60.44050056637225,28
84,68.6846218585968,12.306654987553484,1.6624359607696533,0.32782079917364315,11425.279675248472,0.14917359143315315,"[-1.6300607380628072, 0.006566045887405729]","{'gain': 11425.279675248472, 'probability': 0.14917359143315315, 'voltages': [-1.6300607380628072, 0.006566045887405729]}",145.1859357616506,188.44073222503036,184.53075053359433,192.6023068634041,168.4886194656925,175.8496689698744,17.3723718096935,69
85,62.13239407539368,9.640027969346944,1.4061859607696534,0.1017090928418528,11425.279675248472,0.11477325699671968,"[-1.6300607380628072, 0.006566045887405729]","{'gain': 11425.279675248472, 'probability': 0.11477325699671968, 'voltages': [-1.6300607380628072, 0.006566045887405729]}",181.7531636747104,187.66084279907602,87.94368221854256,105.6670978656657,340.08256039925527,180.62146939145,89.09096823069592,63
86,58.06998090744018,0.6716026068677446,1.488832950592041,0.1258408316550911,11425.279675248472,0.14919969781382952,"[-1.6300607380628072, 0.006566045887405729]","{'gain': 11425.279675248472, 'probability': 0.14919969781382952, 'voltages': [-1.6300607380628072, 0.006566045887405729]}",109.57054358591041,157.59329483799036,194.9511813308125,173.02325630603482,160.81726667965168,159.19110854807994,28.062462411948598,90
87,67.33723502159118,12.247139626991645,1.5251025676727294,0.22892411630504447,11425.279675248472,0.12355436744052561,"[-1.6300607380628072, 0.006566045887405729]","{'gain': 11425.279675248472, 'probability': 0.12355436744052561, 'voltages': [-1.6300607380628072, 0.006566045887405729]}",200.29350994107617,223.99422462956704,196.7026672690025,181.44715763612203,128.7566301442985,186.23883792401324,31.810876022410454,51
88,61.79994721412659,9.571458886786568,1.3928606033325195,0.13333274307872117,11425.279675248472,0.13453462016786175,"[-1.6300607380628072, 0.006566045887405729]","{'gain': 11425.279675248472, 'probability': 0.13453462016786175, 'voltages': [-1.6300607380628072, 0.006566045887405729]}",201.34226377691138,259.3848948013688,167.83764673061444,258.13180502151675,196.74133496424895,216.6875890589321,36.222456792208675,8
89,61.92902274131775,9.95091321390099,1.4472259998321533,0.14056837643761935,11425.279675248472,0.11951686621289385,"[-1.6300607380628072, 0.006566045887405729]","{'gain': 11425.279675248472, 'probability': 0.11951686621289385, 'voltages': [-1.6300607380628072, 0.006566045887405729]}",196.70456165568427,299.7696942402556,165.82038016327812,107.27051325106292,133.06365678111908,180.52576121828,66.8073350620394,64
90,68.3449722290039,12.723800075553262,1.5100921630859374,0.4010342732157752,13497.77810004702,0.166347378170539,"[-1.6300607380628072, 0.006566045887405729]","{'gain': 13497.77810004702, 'probability': 0.166347378170539, 'voltages': [-1.6300607380628072, 0.006566045887405729]}",181.66589616185433,76.63795593347307,58.323704090092626,152.15016415747627,130.36172856800883,119.82788978218102,46.103721014410226,100
91,57.366275024414065,0.2653788782306103,1.360863161087036,0.0770841480452704,13497.77810004702,0.15358929569156188,"[-1.6300607380628072, 0.006566045887405729]","{'gain': 13497.77810004702, 'probability': 0.15358929569156188, 'voltages': [-1.6300607380628072, 0.006566045887405729]}",147.23306569624125,230.95570392423497,160.3729587387525,124.71734321640626,152.3950539667227,163.13482510847152,35.92049849513621,86
92,67.90048208236695,12.480378795428843,1.4894725799560546,0.25409193940642133,13497.77810004702,0.11818621084763224,"[-1.6300607380628072, 0.006566045887405729]","{'gain': 13497.77810004702, 'probability': 0.11818621084763224, 'voltages': [-1.6300607380628072, 0.006566045887405729]}",139.12579650243657,204.15919590635394,203.3902207464885,181.07935494750032,203.59951470074017,186.2708165607039,25.151366104028742,50
93,62.443043851852416,9.845780429089762,1.2821407318115234,0.1111326472799789,13497.77810004702,0.11808279787148424,"[-1.6300607380628072, 0.006566045887405729]","{'gain': 13497.77810004702, 'probability': 0.11808279787148424, 'voltages': [-1.6300607380628072, 0.006566045887405729]}",89.59533605268267,175.57086975292592,178.9852208534601,233.69914332527182,143.99965197405078,164.37004439167828,47.22667831884048,80
94,58.29978189468384,0.29551259263688756,1.342009687423706,0.04869974637180103,13497.77810004702,0.14917359143315315,"[-1.6300607380628072, 0.006566045887405729]","{'gain': 13497.77810004702, 'probability': 0.14917359143315315, 'voltages': [-1.6300607380628072, 0.006566045887405729]}",228.6583574668098,180.2852678458046,123.29241647540498,218.35185372606693,159.9381775946332,182.1052146217439,38.560728514235066,58
95,70.08575744628907,14.720583602396692,1.534011220932007,0.16295737799763518,13497.77810004702,0.11477325699671968,"[-1.6300607380628072, 0.006566045887405729]","{'gain': 13497.77810004702, 'probability': 0.11477325699671968, 'voltages': [-1.6300607380628072, 0.006566045887405729]}",209.45336561157373,188.07302553900956,212.55301708305595,250.7521240620296,126.92460023704389,197.55122650654255,40.68170785077462,24
96,58.47531819343567,0.20531459107204378,1.5143560409545898,0.19042631859744513,13497.77810004702,0.14919969781382952,"[-1.6300607380628072, 0.006566045887405729]","{'gain': 13497.77810004702, 'probability': 0.14919969781382952, 'voltages': [-1.6300607380628072, 0.006566045887405729]}",106.9323645439657,147.62605501427188,189.7865927548357,171.08925810487372,176.3661290169914,158.36007988698768,29.099500647876447,92
97,63.98283233642578,11.37661488694202,1.5230678081512452,0.27525601515654313,13497.77810004702,0.12355436744052561,"[-1.6300607380628072, 0.006566045887405729]","{'gain': 13497.77810004702, 'probability': 0.12355436744052561, 'voltages': [-1.6300607380628072, 0.006566045887405729]}",309.4553038618571,145.2065841536627,198.66130012992366,247.78959096078097,238.8471315832369,227.99198213789228,54.51561867455406,5
98,61.47912311553955,7.044617895216063,1.3897990703582763,0.08547568652874382,13497.77810004702,0.13453462016786175,"[-1.6300607380628072, 0.006566045887405729]","{'gain': 13497.77810004702, 'probability': 0.13453462016786175, 'voltages': [-1.6300607380628072, 0.006566045887405729]}",201.05346493978792,147.09471027142982,149.26915622029665,203.23020670721863,234.39286916903347,187.0080814615533,33.832091063797456,46
99,51.48053560256958,5.182582665765817,0.873262882232666,0.29709395050752824,13497.77810004702,0.11951686621289385,"[-1.6300607380628072, 0.006566045887405729]","{'gain': 13497.77810004702, 'probability': 0.11951686621289385, 'voltages': [-1.6300607380628072, 0.006566045887405729]}",251.23915600895376,223.54718257679795,123.3505966133506,285.01530982012554,257.3921265644931,228.1088743167442,55.9034291863717,4
