Item,Smu1.Time[1][1],Smu1.V[1][1],Smu1.I[1][1],Smu1.R[1][1],
1,0,1.00438774097711E-06,-4.24021706635358E-10,-2368.71774548288,
2,0.08309832,0.00999966729432344,-1.91381133163304E-10,-52250016.1277172,
3,0.16583546,0.019999859854579,4.12621048440087E-11,484702850.961879,
4,0.2499808,0.0299991779029369,-3.07699199453282E-10,-97495144.4665417,
5,0.33274916,0.0399987101554871,-1.68958180779555E-11,-2367373392.09841,
6,0.41548668,0.0499978885054588,2.15745643572518E-10,231744602.93866,
7,0.4982244,0.0599969513714314,7.39188266152269E-10,81165995.3474861,
8,0.58099152,0.06999921053648,9.13668252167099E-10,76613377.3067535,
9,0.6637273,0.0799985080957413,1.32079058801082E-09,60568653.9727869,
10,0.74646544,0.0899970754981041,1.96055172096976E-09,45903953.7368533,
11,0.82921382,0.0999962612986565,2.48399523172793E-09,40256221.1156486,
12,0.91195506,0.109996043145657,3.53088491777953E-09,31152542.6931303,
13,0.9946871,0.119996018707752,4.51961135183865E-09,26550074.6339474,
14,1.07744602,0.129994079470634,5.91546456263359E-09,21975295.1089881,
15,1.16019456,0.139992639422417,7.25314830418711E-09,19300948.1608975,
16,1.24294248,0.149992287158966,9.57956469704868E-09,15657526.4015051,
17,1.3257188,0.159992918372154,1.19641372364754E-08,13372708.3875618,
18,1.40846394,0.169997856020927,1.53956030146674E-08,11041974.5078495,
19,1.49119918,0.179997161030769,1.96413125763684E-08,9164212.43900648,
20,1.57397252,0.189996212720871,2.48757423548795E-08,7637810.76401131,
21,1.65671396,0.199996069073677,3.19131530090999E-08,6266885.28760066,
22,1.73948614,0.209998294711113,4.05790352431268E-08,5175044.04559944,
23,1.82361772,0.219989851117134,5.14550251295987E-08,4275381.27836981,
24,1.90636254,0.230007976293564,6.54135234867681E-08,3516214.44669756,
25,1.9890979,0.239996001124382,8.27453092711039E-08,2900418.2018109,
26,2.07186444,0.249976962804794,1.05078896694977E-07,2378945.44639566,
27,2.15461582,0.259996771812439,1.33286690129353E-07,1950658.17569718,
28,2.23735162,0.269985467195511,1.68706264958018E-07,1600328.63784101,
29,2.3200918,0.280003517866135,2.14304108681063E-07,1306570.92665848,
30,2.40281866,0.28999063372612,2.71766339210444E-07,1067058.6893455,
31,2.48555308,0.299972206354141,3.44234194926685E-07,871418.966433679,
32,2.56828946,0.309993028640747,4.36709314044492E-07,709838.372279747,
33,2.65106568,0.319977313280106,5.53320774088206E-07,578285.378508303,
34,2.73379576,0.330001682043076,7.01804026448372E-07,470219.134696504,
35,2.81653708,0.339990139007568,8.89255147740187E-07,382331.370104031,
36,2.89928596,0.350007265806198,1.12765462745301E-06,310385.163404814,
37,2.98204392,0.359990268945694,1.42758733545634E-06,252166.897257197,
38,3.0647997,0.369976788759232,1.80754932443961E-06,204684.200733463,
39,3.1475598,0.379998475313187,2.28940825763857E-06,165981.088801147,
40,3.23029086,0.389984101057053,2.89665990749199E-06,134632.339836785,
41,3.3130191,0.40000194311142,3.66594667866593E-06,109112.864472154,
42,3.3957661,0.409986346960068,4.63513015347417E-06,88451.9600065105,
43,3.47851502,0.420006513595581,5.86051100981422E-06,71667.2168847091,
44,3.5612657,0.429991722106934,7.40158657208667E-06,58094.5339109517,
45,3.64401916,0.439980089664459,9.3408843895304E-06,47102.6159105025,
46,3.72675156,0.449995368719101,1.17854169729981E-05,38182.3884339518,
47,3.80949142,0.45998677611351,1.48465724123525E-05,30982.6917175034,
48,3.89224842,0.470003098249435,1.86919514817419E-05,25144.6778421467,
49,3.97499208,0.479987412691116,2.34931849263376E-05,20430.9213159522,
50,4.05774306,0.490009158849716,2.94950696115848E-05,16613.2565646584,
51,4.1405081,0.499992161989212,3.69510416931007E-05,13531.206133292,
52,4.22324608,0.509979486465454,4.61884701508097E-05,11041.2725253797,
53,4.3059742,0.519996047019959,5.7619847211754E-05,9024.59954655839,
54,4.38872556,0.529980719089508,7.16413269401528E-05,7397.695460502,
55,4.47145648,0.539997637271881,8.8836532086134E-05,6078.55377276897,
56,4.55418962,0.549984276294708,0.000109706488728989,5013.23379014846,
57,4.636944,0.559971630573273,0.00013488667900674,4151.42276981473,
58,4.71969162,0.569990336894989,0.000165120785823092,3451.95993377641,
59,4.80242698,0.5799720287323,0.000200896436581388,2886.92043821961,
60,4.8851638,0.589988172054291,0.00024311346351169,2426.80172266938,
61,4.96788166,0.599978566169739,0.000292180804535747,2053.44963411631,
62,5.05062352,0.609994828701019,0.000348840199876577,1748.63685124834,
63,5.13337176,0.619978904724121,0.000413261703215539,1500.20894726063,
64,5.21611914,0.62995857000351,0.00048585151671432,1296.60719032791,
65,5.29884652,0.639973998069763,0.000567035982385278,1128.63031262613,
66,5.3816128,0.649960219860077,0.000656550924759358,989.961624223289,
67,5.46432196,0.659976303577423,0.000754770007915795,874.40716596552,
68,5.5470338,0.669959366321564,0.000860848755110055,778.254440567685,
69,5.62977692,0.679973602294922,0.000975150906015188,697.300897841069,
70,6.01877568,0.689980745315552,0.00115630740765482,596.710477462861,
71,6.10154622,0.699964940547943,0.00127998471725732,546.85413904612,
72,6.18430174,0.70998740196228,0.00141263531986624,502.597798580817,
73,6.267029,0.719972491264343,0.00155153765808791,464.038038336515,
74,6.3497756,0.72999382019043,0.00169687927700579,430.197852070261,
75,6.43253478,0.739974617958069,0.00184751453343779,400.524382658658,
76,6.51527262,0.749995410442352,0.0020037554204464,374.294887883706,
77,6.59800782,0.759980738162994,0.00216448935680091,351.113178623449,
78,6.68076234,0.769969522953033,0.00232966360636055,330.506739621475,
79,6.76348192,0.779988288879395,0.00249962555244565,312.042052905184,
80,6.84622116,0.789968550205231,0.00267292372882366,295.54474064731,
81,6.92898158,0.799988150596619,0.0028504878282547,280.649558530631,
82,7.01173962,0.809970915317535,0.003030925989151,267.235464744693,
83,7.09446976,0.819961607456207,0.0032148661557585,255.053108816827,
84,7.1772214,0.829976797103882,0.0034021008759737,243.960078598886,
85,7.25996086,0.839959859848022,0.00359204527921975,233.838884133019,
86,7.342682,0.849979102611542,0.00378527259454131,224.548980656581,
87,7.42541768,0.859962046146393,0.00398062169551849,216.037119808337,
88,7.50814996,0.86998462677002,0.0041793966665864,208.16033896122,
89,7.59089368,0.879972219467163,0.00437990995123982,200.911029967196,
90,7.6736645,0.88995623588562,0.00458288053050637,194.191454470948,
91,7.7564146,0.89997535943985,0.00478890538215637,187.929242200773,
92,7.83914914,0.909955501556396,0.00499672768637538,182.110284704444,
93,7.92188316,0.919974148273468,0.00520722893998027,176.672498727693,
94,8.00463278,0.929962754249573,0.00541935581713915,171.600239148072,
95,8.08738032,0.939978361129761,0.00563428178429604,166.83197559442,
96,8.17012538,0.949964702129364,0.00585131626576185,162.350599246865,
97,8.25287332,0.959947884082794,0.00606968533247709,158.154472843328,
98,8.33561306,0.969963788986206,0.00629099505022168,154.182888595982,
99,8.41833552,0.979952275753021,0.00651391688734293,150.439788026333,
100,8.50106792,0.989970326423645,0.00673918705433607,146.897588454187,
101,8.58379578,0.999962389469147,0.00696592219173908,143.550611382798,
102,8.66652896,0.989969909191132,0.00680674891918898,145.439463236303,
103,8.74927922,0.979952394962311,0.00664025777950883,147.577462728382,
104,8.83200812,0.96996283531189,0.00647141179069877,149.884270493495,
105,8.91475802,0.959948182106018,0.00630006706342101,152.37110532991,
106,8.9975107,0.949964702129364,0.0061277924105525,155.025601143645,
107,9.0802463,0.93997848033905,0.00595462694764137,157.85682102409,
108,9.1629831,0.929962635040283,0.00578053900972009,160.878186874361,
109,9.24573944,0.919972717761993,0.00560660799965262,164.08721954861,
110,9.32846204,0.90995454788208,0.00543202413246036,167.516661504582,
111,9.41118794,0.899974942207336,0.00525816809386015,171.157506976283,
112,9.49394184,0.889954626560211,0.00508410157635808,175.046586539232,
113,9.57668602,0.879971206188202,0.00491142785176635,179.168101975015,
114,9.65941982,0.869982957839966,0.00473959185183048,183.556513944121,
115,9.74216922,0.859960973262787,0.00456801801919937,188.256913534135,
116,9.8248894,0.849977731704712,0.00439783651381731,193.271789215951,
117,9.90762386,0.839958548545837,0.00422796746715903,198.66722132331,
118,9.99037446,0.829975724220276,0.00405997177585959,204.428939421518,
119,10.07310796,0.819960594177246,0.00389315700158477,210.615855934777,
120,10.15587426,0.809969246387482,0.00372790615074337,217.27189838885,
121,10.23864448,0.799986124038696,0.00356467021629214,224.420795052064,
122,10.32137608,0.789966464042664,0.00340260867960751,232.164947082245,
123,10.40408922,0.779986381530762,0.00324290455318987,240.520918435151,
124,10.48685662,0.769968092441559,0.00308452220633626,249.623131537157,
125,10.56960214,0.759980320930481,0.00292860018089414,259.502927674631,
126,10.65234692,0.749994337558746,0.0027751752641052,270.251161164254,
127,10.73509924,0.739973664283752,0.00262344093061984,282.062254822303,
128,10.81786554,0.729992508888245,0.00247479742392898,294.970611262926,
129,10.90058488,0.719970285892487,0.00232868152670562,309.175075095402,
130,10.98330388,0.709985077381134,0.00218562665395439,324.842797875191,
131,11.06606916,0.699962794780731,0.00204526819288731,342.235212582362,
132,11.14882308,0.689979195594788,0.00190886028576642,361.461339386479,
133,11.23156128,0.67999804019928,0.00177599035669118,382.883858370815,
134,11.31433302,0.669980704784393,0.00164642289746553,406.931114609587,
135,11.39707346,0.659994661808014,0.00152137666009367,433.814110022814,
136,11.47981302,0.649973094463348,0.0014002398820594,464.186960242415,
137,11.56257114,0.639987230300903,0.00128398137167096,498.439653737367,
138,11.6453197,0.629971027374268,0.00117216270882636,537.443328157941,
139,11.72806036,0.619988799095154,0.00106575409881771,581.737194145383,
140,11.9651051,0.609979867935181,0.00095579499611631,638.191108358714,
141,12.04787706,0.599964201450348,0.000862700515426695,695.448989216847,
142,12.13061938,0.589973747730255,0.000773889536503702,762.348784809333,
143,12.21336864,0.579960107803345,0.000690407294314355,840.026043437598,
144,12.29613674,0.56997948884964,0.000612889882177114,929.986781352879,
145,12.3788779,0.559962213039398,0.000540903594810516,1035.23477827053,
146,12.46162974,0.549975335597992,0.000474950415082276,1157.9636908049,
147,12.54437538,0.539989709854126,0.000414850597735494,1301.64862435228,
148,12.62711956,0.529972910881042,0.00036033964715898,1470.7593656693,
149,12.70985864,0.519989311695099,0.000311369018163532,1670.00979982536,
150,12.7926057,0.50997406244278,0.000267620605882257,1905.58593484071,
151,12.87535072,0.499988824129105,0.000228946664719842,2183.86594424047,
152,12.9580966,0.490005642175674,0.000194952182937413,2513.46578834146,
153,13.04086084,0.47998520731926,0.000165120902238414,2906.87127318516,
154,13.12360028,0.47000053524971,0.000139343756018206,3372.95727257632,
155,13.20633062,0.459984183311462,0.000117027884698473,3930.55197482745,
156,13.28907544,0.449993252754211,9.7950454801321E-05,4594.09048857364,
157,13.37183378,0.4399793446064,8.16496758488938E-05,5388.62328640047,
158,13.45458862,0.429990291595459,6.78640717524104E-05,6336.05205953748,
159,13.53733186,0.420005023479462,5.62090208404697E-05,7472.19960780857,
160,13.6200686,0.409985035657883,4.6386914618779E-05,8838.37692218286,
161,13.70278324,0.400001347064972,3.81960417144001E-05,10472.3245946757,
162,13.78551454,0.389983475208282,3.13488708343357E-05,12440.1123494739,
163,13.86825758,0.379999309778214,2.5677709345473E-05,14798.8009625636,
164,13.95100102,0.369976282119751,2.09679510589922E-05,17644.8467033733,
165,14.03375056,0.359990358352661,1.7096097508329E-05,21056.8732529327,
166,14.11649366,0.350006461143494,1.39067624331801E-05,25168.076525735,
167,14.19922706,0.339989989995956,1.12854777398752E-05,30126.3267566124,
168,14.28196462,0.330002158880234,9.13889107323485E-06,36109.6500916522,
169,14.36473706,0.319977194070816,7.38483367968001E-06,43328.9641920115,
170,14.44747238,0.309992522001266,5.96025711274706E-06,52009.9244273025,
171,14.53019826,0.299971520900726,4.79937352793058E-06,62502.2243330307,
172,14.61294866,0.289991170167923,3.86049305234337E-06,75117.6510968966,
173,14.69567856,0.280003368854523,3.09981442114804E-06,90329.0748453326,
174,14.77842082,0.269984722137451,2.48250057666155E-06,108755.149817739,
175,14.86117884,0.25999715924263,1.98703287423996E-06,130846.933945207,
176,14.94392596,0.249975621700287,1.58659759108559E-06,157554.519876238,
177,15.0266778,0.239994838833809,1.26642521536269E-06,189505.733084348,
178,15.10944306,0.23000730574131,1.00894942534069E-06,227967.130922984,
179,15.1921932,0.219989627599716,8.01956332452392E-07,274316.217351867,
180,15.27711564,0.209998339414597,6.36024992672901E-07,330173.093563629,
181,15.35987932,0.199995949864388,5.04698846270912E-07,396267.895879107,
182,15.4426292,0.189996600151062,3.99719482402361E-07,475324.842835181,
183,15.5253713,0.179997727274895,3.15968435415925E-07,569669.964146749,
184,15.60813706,0.169997408986092,2.49723768774857E-07,680741.804515037,
185,15.69087274,0.159992590546608,1.96855950207464E-07,812739.418737375,
186,15.77359626,0.149992167949677,1.54980511979375E-07,967813.088458748,
187,15.85635734,0.139992907643318,1.21945447517646E-07,1147996.17774219,
188,15.93909502,0.129993692040443,9.57150803060358E-08,1358131.77635965,
189,16.02182786,0.119996018707752,7.48355120094857E-08,1603463.589486,
190,16.10458908,0.109995260834694,5.82598147502722E-08,1888012.54013908,
191,16.1873316,0.0999965518712997,4.54645423531019E-08,2199440.41434912,
192,16.27007546,0.0899966657161713,3.51119773256414E-08,2563132.9412613,
193,16.35283424,0.0799974948167801,2.68532076574957E-08,2979066.62910157,
194,16.43559324,0.0699985176324844,2.0455555471699E-08,3421980.7782453,
195,16.51833504,0.0599957033991814,1.53374486444591E-08,3911713.4009675,
196,16.60111064,0.0499970987439156,1.12662243978434E-08,4437786.51821333,
197,16.68385714,0.0399990491569042,7.95107713003063E-09,5030645.34562629,
198,16.76659044,0.0299995187669992,5.27569810060413E-09,5686360.02192088,
199,16.85150038,0.0199998430907726,3.06559488905123E-09,6523968.04359313,
200,16.93427196,0.00999937392771244,9.71827507356693E-10,10289247.6823486,
201,17.0170353,1.65324308909476E-07,-5.40338440657706E-10,-305.96436690353,
202,17.10008272,-0.0099994633346796,-2.16883111470167E-09,4610531.11369395,
203,17.18284932,-0.0199988950043917,-3.85548259984603E-09,5187131.43853647,
204,17.26699366,-0.0299970023334026,-4.72788919125833E-09,6344692.33941985,
205,17.3497223,-0.0399944148957729,-6.06559957816444E-09,6593645.75263901,
206,17.43247302,-0.0499957203865051,-7.46150696784298E-09,6700485.65282761,
207,17.51518348,-0.0599978417158127,-8.85741435752152E-09,6773742.2338003,
208,17.5979188,-0.0699955672025681,-1.04859712024563E-08,6675163.02030009,
209,17.6806733,-0.0799975618720055,-1.20563665717555E-08,6635296.08160856,
210,17.76341872,-0.0899951234459877,-1.4033904705002E-08,6412693.06994165,
211,17.84616096,-0.0999978855252266,-1.63022519927836E-08,6133992.13614733,
212,17.92891704,-0.10999421775341,-1.82216304267513E-08,6036464.09115658,
213,18.0116531,-0.119994930922985,-2.10134452061084E-08,5710388.26551411,
214,18.09437224,-0.129992812871933,-2.37470985098298E-08,5474050.3484299,
215,18.17714824,-0.139994442462921,-2.72368652076693E-08,5139888.21384267,
216,18.25989606,-0.149991869926453,-3.10756078647501E-08,4826675.33260364,
217,18.34264802,-0.159992679953575,-3.52633229283583E-08,4537084.61561094,
218,18.42540294,-0.169993922114372,-4.00908248820997E-08,4240220.1155575,
219,18.5081249,-0.179991513490677,-4.56163036233193E-08,3945771.55959354,
220,18.59086252,-0.189992278814316,-5.17234077790363E-08,3673235.90947386,
221,18.67361484,-0.199988573789597,-5.8644786804507E-08,3410167.97377507,
222,18.75635524,-0.209990367293358,-6.63804513578725E-08,3163436.87031067,
223,18.84048636,-0.219996973872185,-7.53375033468728E-08,2920152.16988627,
224,18.92322024,-0.229984536767006,-8.52833750286663E-08,2696710.07613971,
225,19.00596016,-0.240005642175674,-9.67995958944812E-08,2479407.48055703,
226,19.08871236,-0.249987721443176,-1.09304629347662E-07,2287073.50214828,
227,19.17150944,-0.259976238012314,-1.23670787388619E-07,2102163.68393753,
228,19.25423156,-0.269996255636215,-1.39665615961349E-07,1933161.95813675,
229,19.33695746,-0.279984623193741,-1.57754215024397E-07,1774815.4821121,
230,19.4197098,-0.290006071329117,-1.78227580249768E-07,1627167.19220843,
231,19.5024414,-0.299988359212875,-2.00794701754603E-07,1494005.35268854,
232,19.58519056,-0.309977442026138,-2.26502734790301E-07,1368537.30403352,
233,19.667912,-0.319994807243347,-2.54828080414882E-07,1255728.20201906,
234,19.75068008,-0.329988479614258,-2.86875746269288E-07,1150283.64685978,
235,19.83340242,-0.340010821819305,-3.23227482112998E-07,1051924.23489671,
236,19.91614548,-0.349996328353882,-3.63127213631742E-07,963839.434818078,
237,19.9988806,-0.359980851411819,-4.07970816240777E-07,882369.123185923,
238,20.08160016,-0.369999617338181,-4.580488166539E-07,807773.328705597,
239,20.16434384,-0.379987955093384,-5.14234102411137E-07,738939.625574614,
240,20.24707738,-0.390008747577667,-5.76933871343499E-07,676002.514238692,
241,20.3297973,-0.399996846914291,-6.46496573608601E-07,618714.565928164,
242,20.41252006,-0.409981578588486,-7.23794869372796E-07,566433.385945047,
243,20.49524674,-0.420000731945038,-8.10864491995744E-07,517966.609823189,
244,20.57795568,-0.429990530014038,-9.06193804439681E-07,474501.732308698,
245,20.66068308,-0.44001093506813,-1.0133297791981E-06,434222.840481736,
246,20.7434368,-0.449997097253799,-1.13145813429583E-06,397714.315372225,
247,20.82616512,-0.459987312555313,-1.26354586882371E-06,364044.807477812,
248,20.90886402,-0.470005035400391,-1.40947668114677E-06,333460.6678402,
249,20.9915848,-0.479992777109146,-1.57087822572066E-06,305556.961227178,
250,21.07429584,-0.490012615919113,-1.75060245055647E-06,279910.847698945,
251,21.15701132,-0.499999582767487,-1.94818176169065E-06,256649.349973168,
252,21.2397434,-0.509987592697144,-2.16687408283178E-06,235356.358146416,
253,21.32247862,-0.520001769065857,-2.41045995608147E-06,215727.196692863,
254,21.40518996,-0.529989719390869,-2.6768450425152E-06,197990.436866261,
255,21.4879199,-0.540010273456573,-2.97295150630816E-06,181641.130812511,
256,21.57062744,-0.549998104572296,-3.29552381117537E-06,166892.468719908,
257,21.65333934,-0.559987485408783,-3.6536332572723E-06,153268.663266672,
258,21.73608146,-0.570006251335144,-4.04925640395959E-06,140768.129866452,
259,21.8188121,-0.579990565776825,-4.48117361884215E-06,129428.273731265,
260,21.90152436,-0.590008735656738,-4.95898211738677E-06,118977.790540542,
261,21.98427252,-0.600001275539398,-5.4818656280986E-06,109452.02167378,
262,22.0669917,-0.609988927841187,-6.05320110480534E-06,100771.297249144,
263,22.14972972,-0.620007455348969,-6.68385973767727E-06,92761.8890405426,
264,22.23247884,-0.629997491836548,-7.37326490707346E-06,85443.4907434516,
265,22.3152126,-0.640011727809906,-8.12478538136929E-06,78772.7549428565,
266,22.397925,-0.650000274181366,-8.94720778887859E-06,72648.3937245002,
267,22.4806543,-0.659984827041626,-9.84605958365137E-06,67030.3507138511,
268,22.56341146,-0.6700040102005,-1.08273252408253E-05,61880.842710275,
269,22.6461458,-0.679991662502289,-1.18958341772668E-05,57162.1672233602,
270,22.72888732,-0.690007865428925,-1.30628213810269E-05,52822.2690414437,
271,22.81161136,-0.699995458126068,-1.43344950629398E-05,48832.9344739757,
272,22.8943303,-0.70998227596283,-1.57205668074312E-05,45162.6385142308,
273,22.97704334,-0.720002710819244,-1.72275085787987E-05,41793.7804254137,
274,23.05979126,-0.729994356632233,-1.88527537829941E-05,38720.8343690732,
275,23.14251508,-0.739981591701508,-2.06276527023874E-05,35873.2814817976,
276,23.22525044,-0.749997854232788,-2.25658131967066E-05,33236.0215736541,
277,23.30798726,-0.759984791278839,-2.46454856096534E-05,30836.6734304136,
278,23.39069838,-0.770004689693451,-2.69130359811243E-05,28610.8445822872,
279,23.47340596,-0.779992520809174,-2.93490211333847E-05,26576.4407359375,
280,23.5561418,-0.789977312088013,-3.19822283927351E-05,24700.5087446458,
281,23.63886728,-0.799996733665466,-3.48506400769111E-05,22955.0083413094,
282,23.72158816,-0.809982657432556,-3.7886271456955E-05,21379.3183199046,
283,23.8043282,-0.820004522800446,-4.12109402532224E-05,19897.7387499992,
284,23.8870469,-0.829991638660431,-4.47595193691086E-05,18543.3545837684,
285,23.96976572,-0.839976489543915,-4.86104763695039E-05,17279.7419872824,
286,24.05252904,-0.850000083446503,-5.2772113122046E-05,16106.9935077398,
287,24.13524676,-0.859979927539825,-5.72285280213691E-05,15027.1194677366,
288,24.21795646,-0.870004534721375,-6.20063219685107E-05,14030.900513067,
289,24.30068428,-0.879994451999664,-6.71004454488866E-05,13114.584353542,
290,24.3833934,-0.889976978302002,-7.25479621905833E-05,12267.4290418252,
291,24.46610946,-0.900000214576721,-7.83920695539564E-05,11480.7558940291,
292,24.54886294,-0.90998238325119,-8.46161710796878E-05,10754.2373005062,
293,24.63160514,-0.920002698898315,-9.12783289095387E-05,10079.0922652636,
294,24.71432606,-0.929990172386169,-9.84086145763285E-05,9450.29229798619,
295,24.79703986,-0.939977288246155,-0.000106002531538252,8867.49848900502,
296,24.87977356,-0.949996769428253,-0.000114082176878583,8327.3022607145,
297,24.96250146,-0.959985256195068,-0.000122638884931803,7827.73960093406,
298,25.04522512,-0.970000386238098,-0.000131827051518485,7358.12851053627,
299,25.12796462,-0.979987561702728,-0.000141442447784357,6928.52518500541,
300,25.21071264,-0.989974796772003,-0.000151803513290361,6521.42216813151,
301,25.29343198,-1.00000035762787,-0.000162727461429313,6145.24646820143,
302,25.37617182,-1.00998413562775,-0.000174299668287858,5794.52700942462,
303,25.45889394,-1.02000272274017,-0.000186454271897674,5470.52482283674,
304,25.54163896,-1.02999138832092,-0.000199313799384981,5167.68729259663,
305,25.62439066,-1.03997611999512,-0.000212820901651867,4886.62585264447,
306,25.70709702,-1.04999983310699,-0.000227227050345391,4620.92797275222,
307,25.7898121,-1.05998337268829,-0.000242304682615213,4374.58889051508,
308,25.87255096,-1.07000172138214,-0.000258120882790536,4145.35123936657,
309,25.95526768,-1.07998478412628,-0.000274500518571585,3934.36336567298,
310,26.03798832,-1.08997285366058,-0.000291902048047632,3734.03633496509,
311,26.12070994,-1.09999799728394,-0.000310396688291803,3543.84579080892,
312,26.20343748,-1.10998034477234,-0.000329553527990356,3368.13370362347,
313,26.2861466,-1.12000155448914,-0.000349841255228966,3201.45648275847,
314,26.36888878,-1.12998306751251,-0.000371082656783983,3045.09803100366,
315,26.45161106,-1.13997626304626,-0.000392930203815922,2901.21821121268,
316,26.53432946,-1.14999616146088,-0.000415698072174564,2766.42168544375,
317,26.61708788,-1.15998256206512,-0.00043951696716249,2639.22134691168,
318,26.69980122,-1.17000126838684,-0.000464684184407815,2517.84181094493,
319,26.78250598,-1.17998850345612,-0.00049026234773919,2406.85116631442,
320,26.86524774,-1.18997073173523,-0.000517220294568688,2300.70386686499,
321,26.94797334,-1.19999372959137,-0.000545134593266994,2201.27972873599,
322,27.03069772,-1.2099803686142,-0.000574079400394112,2107.68818352223,
323,27.11346116,-1.21999871730804,-0.000603898952249438,2020.20340118777,
324,27.19617852,-1.2299861907959,-0.00063484808197245,1937.44964460533,
325,27.278892,-1.23996818065643,-0.000666711130179465,1859.82822924024,
326,27.36166128,-1.24998903274536,-0.000699846248608083,1786.09092387285,
327,27.44441844,-1.25997567176819,-0.000733545108232647,1717.6526128078,
328,27.52715666,-1.27000021934509,-0.000768527796026319,1652.51045689127,
329,27.60990106,-1.27998530864716,-0.000804895244073123,1590.25080353298,
330,27.6926403,-1.2899729013443,-0.000841888133436441,1532.23789493131,
331,27.77536846,-1.2999894618988,-0.000880327832419425,1476.71062304825,
332,27.85810224,-1.30997633934021,-0.000919276673812419,1425.00770079097,
333,27.9408515,-1.32000172138214,-0.000959934841375798,1375.09512571737,
334,28.02358274,-1.32998335361481,-0.00100105884484947,1328.57659712782,
335,28.10631106,-1.3399703502655,-0.00104342272970825,1284.20659442618,
336,28.49529198,-1.34999012947083,-0.00102624471765012,1315.46609327453,
337,28.57803838,-1.35997796058655,-0.00107389769982547,1266.39433235361,
338,28.66076556,-1.369997382164,-0.00112197897396982,1221.05441719343,
339,28.743503,-1.37998378276825,-0.00117012322880328,1179.34910511913,
340,28.82624086,-1.38997054100037,-0.00121906085405499,1140.19783046669,
341,28.90898256,-1.39999210834503,-0.00126932293642312,1102.94399334666,
342,28.99171772,-1.40997862815857,-0.00131987442728132,1068.26725256193,
343,29.07444582,-1.41996788978577,-0.00137151114176959,1035.33091824078,
344,29.15719098,-1.42999005317688,-0.00142428919207305,1004.00260083104,
345,29.23992814,-1.4399721622467,-0.00147747318260372,974.618138049094,
346,29.32268482,-1.44999372959137,-0.00153188651893288,946.541216774624,
347,29.40543836,-1.45997679233551,-0.00158636935520917,920.325892290704,
348,29.48816036,-1.46996629238129,-0.00164146767929196,895.519485961093,
349,29.5708703,-1.4799816608429,-0.00169773388188332,871.739485578934,
350,29.65363662,-1.48996949195862,-0.00175474479328841,849.108940318552,
351,29.73638122,-1.49999022483826,-0.00181234441697598,827.651858437094,
352,29.81911128,-1.50997686386108,-0.00187114276923239,806.981107315787,
353,29.90184256,-1.51996195316315,-0.00193039956502616,787.382042920501,
354,29.9845758,-1.52997994422913,-0.00199075019918382,768.54441348613,
355,30.06730914,-1.53997015953064,-0.00205104588530958,750.82189558046,
356,30.15003404,-1.5499906539917,-0.00211226637475193,733.80453929431,
357,30.23279542,-1.55997848510742,-0.00217340141534805,717.759026975513,
358,30.31555184,-1.56996417045593,-0.00223498721607029,702.448836918338,
359,30.39827574,-1.57998132705688,-0.00229818024672568,687.492345001205,
360,30.48100242,-1.58996748924255,-0.0023607921320945,673.488981781691,
361,30.56374012,-1.59999132156372,-0.00242419610731304,660.009030101587,
362,30.64647464,-1.60997915267944,-0.00248773605562747,647.166386095316,
363,30.72922,-1.61996531486511,-0.00255173305049539,634.849054665266,
364,30.811945,-1.62998116016388,-0.00261714938096702,622.807842768842,
365,30.89469076,-1.63996529579163,-0.00268179108388722,611.518662152653,
366,30.97743744,-1.64999186992645,-0.00274657807312906,600.744572334945,
367,31.0601641,-1.65997385978699,-0.00281219510361552,590.276918430314,
368,31.14289648,-1.66996252536774,-0.00287826545536518,580.197536073287,
369,31.22563466,-1.67998218536377,-0.00294451671652496,570.545983296858,
370,31.3083689,-1.68996560573578,-0.00300977216102183,561.492869002426,
371,31.39109062,-1.69999003410339,-0.00307708163745701,552.468291191752,
372,31.4738384,-1.70997881889343,-0.00314360181801021,543.955283743852,
373,31.55656082,-1.71996772289276,-0.00320979557000101,535.849615772328,
374,31.63929434,-1.72998452186584,-0.00327620166353881,528.045798010245,
375,31.72203732,-1.73996663093567,-0.00334182567894459,520.663492981831,
376,31.80476972,-1.74998903274536,-0.0034085086081177,513.417812288222,
377,31.8874821,-1.75997734069824,-0.00347536988556385,506.414395776667,
378,31.97021592,-1.76996421813965,-0.00354178133420646,499.738422879291,
379,32.0529351,-1.77998292446136,-0.00360896484926343,493.211488281647,
380,32.13566924,-1.78996562957764,-0.00367444730363786,487.138739969272,
381,32.21842,-1.79998755455017,-0.00374045502394438,481.221547385979,
382,32.30116484,-1.80997538566589,-0.00380566716194153,475.600021926905,
383,32.38388766,-1.81996786594391,-0.00387147767469287,470.096438329143,
384,32.46662966,-1.82998788356781,-0.00393731566146016,464.780586804451,
385,32.5493533,-1.83996999263763,-0.00400172732770443,459.793944454762,
386,32.63207978,-1.84999108314514,-0.00406705075874925,454.87287788709,
387,32.71486522,-1.85997569561005,-0.00413129990920424,450.215606827805,
388,32.7976179,-1.86996877193451,-0.00419547595083714,445.710759362448,
389,32.88034482,-1.87998569011688,-0.00425949459895492,441.363557680797,
390,32.96306862,-1.88996970653534,-0.00432266620919108,437.223143095524,
391,33.04582518,-1.89999294281006,-0.00438673747703433,433.122098770897,
392,33.12856394,-1.90997707843781,-0.0044482653029263,429.375711287122,
393,33.21127892,-1.91996991634369,-0.00451164040714502,425.559163204377,
394,33.29403682,-1.92998743057251,-0.00457329396158457,422.012546489315,
395,33.37676116,-1.93997168540955,-0.00463377684354782,418.658850201388,
396,33.45947732,-1.94999814033508,-0.00469434121623635,415.393353510522,
397,33.54222544,-1.95997703075409,-0.00475433468818665,412.250537519824,
398,33.62497212,-1.96996903419495,-0.00481428857892752,409.192137508674,
399,33.70769138,-1.97999012470245,-0.00487273652106524,406.340485709169,
400,33.79042182,-1.98997223377228,-0.00493001332506537,403.644392532324,
401,33.87314092,-1.99999511241913,-0.00498859165236354,400.913775227835,
402,33.95587176,-2.00998282432556,-0.00504569662734866,398.35586099867,
403,34.03863068,-2.01996874809265,-0.00510035827755928,396.04448122403,
404,34.12137312,-2.02998661994934,-0.00515775429084897,393.579551385571,
405,34.20411702,-2.03997182846069,-0.00521287322044373,391.33348197696,
406,34.28686696,-2.049959897995,-0.00526551110669971,389.318312402129,
407,34.36958346,-2.05997490882874,-0.00531867146492004,387.310049589555,
408,34.4523078,-2.06996560096741,-0.00537116499617696,385.384847131069,
409,34.53507026,-2.0799834728241,-0.00542272441089153,383.567984507281,
410,34.61782136,-2.08997440338135,-0.00547220185399055,381.925678026159,
411,34.70052178,-2.09996175765991,-0.00552088348194957,380.366976503978,
412,34.7846377,-2.10970640182495,-0.00556508777663112,379.096698291807,
413,34.86734502,-2.11971592903137,-0.00561323016881943,377.628542796276,
414,34.9500851,-2.12971472740173,-0.0056612160988152,376.193858391565,
415,35.03284528,-2.13973212242126,-0.00570758152753115,374.892958094428,
416,35.11557638,-2.149733543396,-0.00575230177491903,373.717100999322,
417,35.1982998,-2.15973782539368,-0.00579687021672726,372.569635794434,
418,35.2810335,-2.16969347000122,-0.00583922723308206,371.572022014977,
419,35.36377594,-2.17972183227539,-0.0058837179094553,370.466746676029,
420,35.44649584,-2.18972301483154,-0.00592520926147699,369.560452331721,
421,35.52919958,-2.19973421096802,-0.0059669241309166,368.654630544148,
422,35.61196632,-2.20972609519959,-0.00600657891482115,367.884302618104,
423,35.69468692,-2.21975588798523,-0.0060457568615675,367.159305081566,
424,35.77742566,-2.22975897789001,-0.00608496926724911,366.437179870597,
425,35.86017532,-2.23976898193359,-0.00612194463610649,365.859071760255,
426,35.94291656,-2.24977588653564,-0.00615775724872947,365.356378249539,
427,36.02564176,-2.25975465774536,-0.00619279127568007,364.900826969532,
428,36.10837994,-2.2697548866272,-0.00622916128486395,364.375681224117,
429,36.1910945,-2.2797577381134,-0.0062625496648252,364.030284808454,
430,36.27380686,-2.28976726531982,-0.00629700301215053,363.628103861718,
431,36.35653852,-2.29976773262024,-0.00632827263325453,363.411607858858,
432,36.4392729,-2.30978178977966,-0.00635952688753605,363.200255400535,
433,36.5219974,-2.31978487968445,-0.00639039976522326,363.010917143053,
434,36.60475608,-2.32978200912476,-0.0064197420142591,362.908977331176,
435,36.6874759,-2.33980059623718,-0.00644834991544485,362.852609879774,
436,36.77019366,-2.34978175163269,-0.00647578900679946,362.856440993594,
437,36.85293102,-2.35978388786316,-0.00650373660027981,362.835095099275,
438,36.93564356,-2.36978650093079,-0.00652986438944936,362.915117312355,
439,37.01836354,-2.37978434562683,-0.00655579008162022,363.004964466264,
440,37.1010941,-2.38980960845947,-0.00658010086044669,363.187382555902,
441,37.1838572,-2.39982104301453,-0.00660416064783931,363.380173648513,
442,37.26658026,-2.40981960296631,-0.00662785535678267,363.589649025789,
443,37.34933314,-2.41983413696289,-0.00664992118254304,363.889145530821,
444,37.4320675,-2.42979383468628,-0.00667065707966685,364.251048385121,
445,37.5147919,-2.43980813026428,-0.00669264933094382,364.550420860047,
446,37.59752658,-2.44980931282043,-0.00671261874958873,364.955824873941,
447,37.68023824,-2.45981621742249,-0.00673280283808708,365.348024675169,
448,37.76296742,-2.46981596946716,-0.00675127096474171,365.829779661592,
449,37.84572582,-2.47981429100037,-0.00676917238160968,366.33936191926,
450,37.92845438,-2.48981356620789,-0.00678756553679705,366.819819670248,
451,38.01118156,-2.499835729599,-0.00680540688335896,367.330825686818,
452,38.09393406,-2.50984716415405,-0.00682309083640575,367.846072158726,
453,38.17666528,-2.51982069015503,-0.00683751655742526,368.528641794455,
454,38.2593736,-2.52981901168823,-0.00685277814045548,369.166921770516,
455,38.3420968,-2.53982090950012,-0.00686676613986492,369.871473378892,
456,38.42482982,-2.54981899261475,-0.00688045285642147,370.588832715425,
457,38.50753742,-2.55984663963318,-0.00689490791410208,371.266254970216,
458,38.5902722,-2.56985473632813,-0.00690713012591004,372.058248430572,
459,38.67303004,-2.57986807823181,-0.00692153349518776,372.730707729072,
460,38.75575334,-2.58987236022949,-0.0069319186732173,373.615514307161,
461,38.8384822,-2.59984135627747,-0.00694255344569683,374.479127400728,
462,38.92122416,-2.60984921455383,-0.00695366831496358,375.319773153072,
463,39.00395674,-2.61986207962036,-0.00696356734260917,376.224132075203,
464,39.08668342,-2.62986850738525,-0.00697437999770045,377.075597867102,
465,39.1694215,-2.63986849784851,-0.00698379799723625,377.998976902425,
466,39.25214194,-2.64987540245056,-0.00699285184964538,378.940589537149,
467,39.33485086,-2.65990257263184,-0.00700221536681056,379.865861487119,
468,39.41759702,-2.66991400718689,-0.00700983591377735,380.881099076707,
469,39.50031252,-2.67991781234741,-0.00701649719849229,381.945255094419,
470,39.58305,-2.68989109992981,-0.00702405674383044,382.954067432964,
471,39.66578852,-2.69989681243896,-0.0070306183770299,384.019821252131,
472,39.74850392,-2.70989394187927,-0.0070368847809732,385.098523881827,
473,39.83123454,-2.71990656852722,-0.00704214349389076,386.232767180449,
474,39.91397712,-2.72992849349976,-0.0070465337485075,387.414378605364,
475,39.99668216,-2.7399435043335,-0.00705097010359168,388.590997278205,
476,40.07939266,-2.74994564056396,-0.00705559132620692,389.754099043366,
477,40.16215134,-2.75995254516602,-0.00705888029187918,390.990133143521,
478,40.24488018,-2.76991987228394,-0.00706406822428107,392.113975168443,
479,40.32760576,-2.77993822097778,-0.00706871785223484,393.273331754058,
480,40.41035364,-2.7899386882782,-0.00707202544435859,394.503485632077,
481,40.49308446,-2.79994344711304,-0.00707521196454763,395.73986774431,
482,40.57579224,-2.80993127822876,-0.00707802176475525,396.993873658415,
483,40.65853116,-2.81996536254883,-0.00708015775308013,398.291317919017,
484,40.74124064,-2.82997226715088,-0.00708309048786759,399.539194366958,
485,40.82395484,-2.83998274803162,-0.00708412146195769,400.894135325397,
486,40.90671284,-2.84998488426209,-0.0070854271762073,402.231906896491,
487,40.9894471,-2.85995244979858,-0.00708678038790822,403.561602484305,
488,41.07218652,-2.86995339393616,-0.00708848750218749,404.875284473662,
489,41.15493506,-2.87995290756226,-0.00708891684189439,406.261347367229,
490,41.23766898,-2.8899610042572,-0.00708901835605502,407.667304428513,
491,41.32039442,-2.89999222755432,-0.00709035014733672,409.005502872607,
492,41.40313016,-2.910001039505,-0.00709108682349324,410.374476006129,
493,41.4858702,-2.92000222206116,-0.00709149055182934,411.761420355824,
494,41.56857392,-2.93000864982605,-0.0070905270986259,413.228608969546,
495,41.65130608,-2.93998789787292,-0.00709038367494941,414.644401862203,
496,41.73406084,-2.94966816902161,-0.0070852255448699,416.312529550641,
497,41.81676924,-2.95966625213623,-0.00708367954939604,417.814813826322,
498,41.89948306,-2.96968078613281,-0.00708370516076684,419.227045555257,
499,41.9822315,-2.97968506813049,-0.00708207534626126,420.736143354294,
500,42.06497172,-2.98970365524292,-0.00708246696740389,422.127440763597,
501,42.14768004,-2.99971008300781,-0.00708099268376827,423.628468065506,
502,42.23041284,-2.98969984054565,-0.00683795660734177,437.221236141756,
503,42.31315144,-2.97968721389771,-0.00661775982007384,450.256173525569,
504,42.3958634,-2.96968150138855,-0.00641491683200002,462.933749440782,
505,42.4786088,-2.95967364311218,-0.00622633146122098,475.347909366167,
506,42.56134086,-2.94967269897461,-0.00604953058063984,487.587038309117,
507,42.64407534,-2.93999624252319,-0.00588383013382554,499.673881749484,
508,42.72681448,-2.9300172328949,-0.00572514999657869,511.779994348769,
509,42.80952494,-2.92001438140869,-0.00557285640388727,523.970863374817,
510,42.8922504,-2.91001200675964,-0.00542741594836116,536.168967782604,
511,42.97500172,-2.90000891685486,-0.00528590194880962,548.630857125137,
512,43.05772388,-2.8899838924408,-0.00515012722462416,561.148058366985,
513,43.14045316,-2.87997937202454,-0.00501928804442286,573.782446142855,
514,43.22320362,-2.86997556686401,-0.00489276740700006,586.575107322279,
515,43.3059422,-2.85997533798218,-0.00476910267025232,599.688355593918,
516,43.38867668,-2.85000228881836,-0.0046492638066411,613.000769013657,
517,43.47139992,-2.84001088142395,-0.00453211832791567,626.640938285051,
518,43.55412688,-2.8300039768219,-0.00441813888028264,640.542104606919,
519,43.6368429,-2.81999683380127,-0.00430603185668588,654.894558994664,
520,43.71954972,-2.80996870994568,-0.00419675977900624,669.556719448702,
521,43.8023094,-2.79998064041138,-0.00408890610560775,684.774990692824,
522,43.88502838,-2.78997182846069,-0.0039847195148468,700.167682584795,
523,43.9677402,-2.77997326850891,-0.00388215808197856,716.089661936715,
524,44.05049154,-2.76994895935059,-0.00378115056082606,732.567750157359,
525,44.13322174,-2.75999569892883,-0.0036822366528213,749.543269255697,
526,44.21593752,-2.74998044967651,-0.00358526688069105,767.022523340427,
527,44.29866718,-2.73998498916626,-0.00348978280089796,785.144848688358,
528,44.38138126,-2.72995948791504,-0.00339565868489444,803.95579804862,
529,44.4641049,-2.71994590759277,-0.00330279278568923,823.529081018375,
530,44.54684478,-2.70993304252625,-0.00321283447556198,843.471104141533,
531,44.62957378,-2.69993543624878,-0.0031233518384397,864.435252865254,
532,44.71231344,-2.68992781639099,-0.00303663895465434,885.824049733693,
533,44.79506596,-2.67995738983154,-0.0029505139682442,908.30188186716,
534,44.87779658,-2.66994976997375,-0.00286624440923333,931.515038066108,
535,44.9605032,-2.65994095802307,-0.00278323609381914,955.700798768068,
536,45.0432238,-2.64991736412048,-0.00270129321143031,980.981017872316,
537,45.12594156,-2.63991808891296,-0.0026210646610707,1007.19304186664,
538,45.20865398,-2.62992143630981,-0.00254295393824577,1034.19939966511,
539,45.29140088,-2.61991333961487,-0.00246544973924756,1062.65128747441,
540,45.37412848,-2.60989785194397,-0.00238940818235278,1092.27794196891,
541,45.4568451,-2.59989643096924,-0.00231517595238984,1122.98006045091,
542,45.53958598,-2.58992695808411,-0.00224204827100039,1155.16110495181,
543,45.62231952,-2.57992959022522,-0.00217019580304623,1188.80037764513,
544,45.7050148,-2.56991624832153,-0.00209973263554275,1223.92546785236,
545,45.78774674,-2.55990719795227,-0.00203062361106277,1260.65075970061,
546,45.87047026,-2.54987287521362,-0.00196305988356471,1298.92770799397,
547,45.95319356,-2.53988432884216,-0.00189699325710535,1338.90002999684,
548,46.03592144,-2.52988266944885,-0.00183196109719574,1380.96964685628,
549,46.11864678,-2.51988339424133,-0.00176871789153665,1424.69491957933,
550,46.20138378,-2.50990867614746,-0.0017070877365768,1470.2868647985,
551,46.28415034,-2.49990296363831,-0.00164666690398008,1518.15947572391,
552,46.36688904,-2.48988151550293,-0.00158702943008393,1568.89435589815,
553,46.44959912,-2.4798846244812,-0.00152912631165236,1621.76571391376,
554,46.5323071,-2.46987342834473,-0.00147261249367148,1677.20526544421,
555,46.61503086,-2.45988321304321,-0.00141774641815573,1735.06572229126,
556,46.69774214,-2.44987273216248,-0.00136382400523871,1796.32615553916,
557,46.78046116,-2.43987464904785,-0.00131188298109919,1859.82643589412,
558,46.86320294,-2.42985653877258,-0.00126016000285745,1928.21271367352,
559,46.9459293,-2.41990089416504,-0.00121053738985211,1999.0302773388,
560,47.02865968,-2.40988326072693,-0.00116204982623458,2073.82093807091,
561,47.11140094,-2.39988732337952,-0.00111484678927809,2152.66110685357,
562,47.19411898,-2.38986992835999,-0.00106895610224456,2235.70446283231,
563,47.2768159,-2.37984919548035,-0.00102447369135916,2322.99688664822,
564,47.51382966,-2.36973142623901,-0.000983046251349151,2410.60013502595,
565,47.59658926,-2.35974264144897,-0.0009407764300704,2508.29268891483,
566,47.67932644,-2.34973311424255,-0.000899913837201893,2611.06454541091,
567,47.76204262,-2.33976078033447,-0.000860857544466853,2717.94188872856,
568,47.84476082,-2.32974815368652,-0.000822472444269806,2832.61545103178,
569,47.92751094,-2.31974792480469,-0.000785789627116174,2952.12337342515,
570,48.0102508,-2.30975413322449,-0.000750073348172009,3079.37102265205,
571,48.09298718,-2.29974937438965,-0.000715732923708856,3213.13900508108,
572,48.1757157,-2.28974366188049,-0.000682522193528712,3354.82667610012,
573,48.25844152,-2.27975130081177,-0.000650581030640751,3504.17733293955,
574,48.3411727,-2.26974725723267,-0.000619815313257277,3661.97350837398,
575,48.42390206,-2.25974631309509,-0.000590188894420862,3828.85265117116,
576,48.50662936,-2.24977278709412,-0.000561803870368749,4004.55195443464,
577,48.5893598,-2.23977017402649,-0.000534267863258719,4192.22327984545,
578,48.67210784,-2.22975850105286,-0.000507776858285069,4391.21725354615,
579,48.75482216,-2.21976256370544,-0.000482384260976687,4601.64798745936,
580,48.8375662,-2.20973992347717,-0.000458276132121682,4821.85252207383,
581,48.92033534,-2.19974207878113,-0.000434841756941751,5058.718588233,
582,49.0030629,-2.18974304199219,-0.000412417808547616,5309.52591427528,
583,49.08577656,-2.1797354221344,-0.000391283654607832,5570.72956272364,
584,49.16853218,-2.16970896720886,-0.000370664376532659,5853.56755214833,
585,49.25126296,-2.15975451469421,-0.00035130517790094,6147.80154280337,
586,49.3339967,-2.14975523948669,-0.000332576950313523,6463.93334673404,
587,49.4167471,-2.13975787162781,-0.000314703705953434,6799.27764163166,
588,49.49949836,-2.12973999977112,-0.000297854043310508,7150.28064114912,
589,49.58221914,-2.11974668502808,-0.000281502754660323,7530.10991876751,
590,49.66495214,-2.10974192619324,-0.000265984854195267,7931.81225516103,
591,49.74983572,-2.09996128082275,-0.000251659017521888,8344.47063133794,
592,49.83256952,-2.08997392654419,-0.000237620755797252,8795.41822654349,
593,49.91532762,-2.07998275756836,-0.000224277522647753,9274.14719501404,
594,49.99805272,-2.06996560096741,-0.000211560734896921,9784.26172501227,
595,50.08077656,-2.05997657775879,-0.000199560119654052,10322.5864031845,
596,50.16351768,-2.0499587059021,-0.000188197998795658,10892.5637839959,
597,50.24623382,-2.0399706363678,-0.000177385591086932,11500.2048580601,
598,50.3289679,-2.02998661994934,-0.000167071790201589,12150.3852774903,
599,50.41170494,-2.01996803283691,-0.000157282906002365,12842.8961810163,
600,50.49442642,-2.00998330116272,-0.000148125254781917,13569.4841782517,
601,50.57714496,-1.99999666213989,-0.000139434981974773,14343.5788767968,
602,50.65993036,-1.98997151851654,-0.000131194887217134,15168.0569321504,
603,50.7426618,-1.97998940944672,-0.000123340243590064,16053.0687455705,
604,50.82540498,-1.96996819972992,-0.000115884933620691,16999.3470089729,
605,50.90812986,-1.9599781036377,-0.000108970736619085,17986.2792933936,
606,50.99089066,-1.94999814033508,-0.000102346901257988,19052.8302896018,
607,51.07360656,-1.93997240066528,-9.61077530519105E-05,20185.3892018207,
608,51.15632754,-1.92998743057251,-9.02729952940717E-05,21379.454888867,
609,51.2390678,-1.91996908187866,-8.47076444188133E-05,22665.8301626936,
610,51.3218016,-1.90997684001923,-7.95096420915797E-05,24021.9524296098,
611,51.40453726,-1.89999330043793,-7.45617580832914E-05,25482.1419086643,
612,51.48729038,-1.88996922969818,-6.98925068718381E-05,27041.085150427,
613,51.57001482,-1.87998712062836,-6.55365220154636E-05,28686.0984198211,
614,51.65272976,-1.86997020244598,-6.13966694800183E-05,30457.1928458525,
615,51.73547906,-1.85997557640076,-5.7540677516954E-05,32324.5338196222,
616,51.81820408,-1.84999167919159,-5.38935128133744E-05,34326.797097043,
617,51.9009314,-1.83996999263763,-5.04564086440951E-05,36466.527089081,
618,51.98367294,-1.82998812198639,-4.72532374260481E-05,38727.2538701786,
619,52.06639954,-1.81996822357178,-4.42122436652426E-05,41164.3488928508,
620,52.14912668,-1.80997598171234,-4.13762281823438E-05,43744.3445481747,
621,52.23187982,-1.79998791217804,-3.87125437555369E-05,46496.244822987,
622,52.31461556,-1.78996527194977,-3.61940838047303E-05,49454.6368850434,
623,52.3973445,-1.77998232841492,-3.38411518896464E-05,52598.160199136,
624,52.48008672,-1.76996457576752,-3.16223631671164E-05,55971.9261464961,
625,52.56280892,-1.75997841358185,-2.95568115689093E-05,59545.6113213903,
626,52.64553472,-1.74998915195465,-2.76161463261815E-05,63368.3328327231,
627,52.72829216,-1.73996698856354,-2.58053460129304E-05,67426.6094975702,
628,52.81102574,-1.72998368740082,-2.41011748585152E-05,71780.0562651658,
629,52.89374142,-1.71996808052063,-2.25017502089031E-05,76437.0799850095,
630,52.97648862,-1.70997869968414,-2.10023627005285E-05,81418.3967807163,
631,53.05922412,-1.699991106987,-1.96115197468316E-05,86683.2927245042,
632,53.14194854,-1.68996727466583,-1.83047759492183E-05,92323.8437528104,
633,53.2246845,-1.67998266220093,-1.70675302797463E-05,98431.5032500356,
634,53.30741436,-1.66996264457703,-1.59036881086649E-05,105004.740609014,
635,53.39013872,-1.65997421741486,-1.48224971781019E-05,111990.186098145,
636,53.47288806,-1.64999222755432,-1.38188379423809E-05,119401.662747196,
637,53.55563574,-1.63996601104736,-1.28666533782962E-05,127458.629904005,
638,53.6383839,-1.62998151779175,-1.19851902127266E-05,135999.636957029,
639,53.72113768,-1.61996674537659,-1.11687559183338E-05,145044.511422922,
640,53.80387748,-1.60997951030731,-1.04015871329466E-05,154782.101013005,
641,53.88661554,-1.59999072551727,-9.68118092714576E-06,165268.135938968,
642,53.9693392,-1.58996832370758,-9.00864324648865E-06,176493.649510132,
643,54.0520808,-1.57998156547546,-8.38304276840063E-06,188473.518402066,
644,54.13481234,-1.56996488571167,-7.79588481236715E-06,201383.797156819,
645,54.21754836,-1.55997884273529,-7.2531665864517E-06,215075.556881487,
646,54.30030978,-1.54999172687531,-6.74744023854146E-06,229715.517600546,
647,54.38301722,-1.53997051715851,-6.27195868219133E-06,245532.631063262,
648,54.46572198,-1.52998101711273,-5.83009568799753E-06,262428.11421818,
649,54.54846904,-1.51996433734894,-5.41696454092744E-06,280593.37030268,
650,54.6312178,-1.50997829437256,-5.03506544191623E-06,299892.486362182,
651,54.71395274,-1.49999141693115,-4.67777135781944E-06,320663.688365987,
652,54.79670712,-1.48997104167938,-4.3450781959109E-06,342910.063869869,
653,54.87943832,-1.47998070716858,-4.0347194953938E-06,366811.300973509,
654,54.96214824,-1.46996700763702,-3.74832575289474E-06,392166.290910496,
655,55.0448974,-1.45997738838196,-3.47612467521685E-06,420001.44551515,
656,55.12761606,-1.4499945640564,-3.22741971103824E-06,449273.628433639,
657,55.21035054,-1.43997406959534,-2.99325552077789E-06,481072.885224685,
658,55.29309112,-1.42999076843262,-2.77834305961733E-06,514691.936074149,
659,55.37580862,-1.41996610164642,-2.57518058788264E-06,551404.475603765,
660,55.45852308,-1.40998005867004,-2.3874304133642E-06,590584.777163494,
661,55.54125368,-1.39999306201935,-2.21235950448317E-06,632805.409420291,
662,55.62397894,-1.38997101783752,-2.05037599698699E-06,677910.305173333,
663,55.70670008,-1.37998461723328,-1.90176967862499E-06,725631.832678618,
664,55.78946586,-1.36999714374542,-1.7608987263884E-06,778010.184921469,
665,55.8721741,-1.35997688770294,-1.63014874487999E-06,834265.518391736,
666,55.95487882,-1.34999072551727,-1.50957623645809E-06,894284.563384987,
667,56.03761094,-1.3399738073349,-1.3970895906823E-06,959118.023834459,
668,56.12035132,-1.3299857378006,-1.29390832626086E-06,1027882.50976326,
669,56.20307288,-1.32000410556793,-1.19753269700595E-06,1102269.78258563,
670,56.28580392,-1.30997896194458,-1.10784526441421E-06,1182456.61557912,
671,56.36852708,-1.29999339580536,-1.02455624073627E-06,1268835.56423525,
672,56.4512356,-1.28997576236725,-9.47025114328426E-07,1362134.69194217,
673,56.53396532,-1.27998733520508,-8.75542752964975E-07,1461935.84593154,
674,56.61668144,-1.27000343799591,-8.0964417747964E-07,1568594.54229552,
675,56.69939688,-1.25997793674469,-7.48165916775179E-07,1684088.92799551,
676,56.78212252,-1.24999296665192,-6.91399122842995E-07,1807918.06838287,
677,56.86485272,-1.23997068405151,-6.38179926681914E-07,1942979.76512437,
678,56.94758126,-1.22998857498169,-5.90137233302812E-07,2084241.60613936,
679,57.03029632,-1.22000086307526,-5.45410046015604E-07,2236850.73640971,
680,57.11303856,-1.20998287200928,-5.02893101383961E-07,2406043.88622434,
681,57.1957812,-1.19999599456787,-4.64389216858763E-07,2584030.70313502,
682,57.27850754,-1.18997287750244,-4.28328263524236E-07,2778179.67862191,
683,57.3612404,-1.17999088764191,-3.95117268681133E-07,2986432.08276017,
684,57.44395028,-1.17000365257263,-3.65046844308381E-07,3205078.11754769,
685,57.52665264,-1.15998458862305,-3.36314542437322E-07,3449106.24505401,
686,57.60939924,-1.14999806880951,-3.09617746552249E-07,3714251.14230474,
687,57.69212536,-1.1399781703949,-2.85422004253633E-07,3994009.40854541,
688,57.77483716,-1.12998652458191,-2.63436419345453E-07,4289408.91084661,
689,57.85758646,-1.12000298500061,-2.4273037979583E-07,4614185.44288806,
690,57.94030438,-1.10998213291168,-2.23827441914182E-07,4959097.61296054,
691,58.02302118,-1.09999966621399,-2.06204134656218E-07,5334517.99134823,
692,58.10576922,-1.08997428417206,-1.9009297602679E-07,5733900.88868116,
693,58.18850312,-1.07998657226563,-1.75203254570988E-07,6164192.41132328,
694,58.27122638,-1.0700056552887,-1.61069678483727E-07,6643122.81095661,
695,58.35397032,-1.05998420715332,-1.48273898048501E-07,7148825.39074136,
696,58.4366945,-1.05000114440918,-1.36641162384876E-07,7684369.23459161,
697,58.5194182,-1.03997755050659,-1.25764842096032E-07,8269223.20398955,
698,58.60216724,-1.02999329566956,-1.15818949097957E-07,8893132.80505087,
699,58.68490024,-1.02000367641449,-1.06512850095442E-07,9576343.84490236,
700,58.7676292,-1.00998640060425,-9.80792549398757E-08,10297655.719585,
701,58.85037478,-1.00000238418579,-8.98783127922798E-08,11126181.0899468,
702,58.9331028,-0.989976704120636,-8.29569160032406E-08,11933624.727346,
703,59.01584794,-0.979988753795624,-7.5977389712989E-08,12898426.1962357,
704,59.09861736,-0.970002114772797,-7.01611071463049E-08,13825353.5929825,
705,59.1813508,-0.959986746311188,-6.45192699266772E-08,14879070.197201,
706,59.26406822,-0.949999213218689,-5.94590972013975E-08,15977356.8374388,
707,59.34679122,-0.939978659152985,-5.45152829545259E-08,17242479.6902746,
708,59.42950802,-0.929991602897644,-5.00367391964573E-08,18586175.2350858,
709,59.51223716,-0.920004963874817,-4.59653222151246E-08,20015196.6643257,
710,59.59495324,-0.909983158111572,-4.22429025093152E-08,21541681.6567211,
711,59.6776967,-0.900001347064972,-3.89857746085909E-08,23085378.0924145,
712,59.76040086,-0.889979720115662,-3.57868188416433E-08,24868925.1775584,
713,59.84311942,-0.879995286464691,-3.28786704528738E-08,26764929.1879372,
714,59.92586232,-0.87000560760498,-3.02031857302154E-08,28805094.1174269,
715,60.0086033,-0.859980881214142,-2.78766734140845E-08,30849480.0810646,
716,60.09132376,-0.850001096725464,-2.56664840492249E-08,33117161.4739002,
717,60.17405938,-0.839977562427521,-2.35144561600009E-08,35721751.620025,
718,60.25677786,-0.829993784427643,-2.14787583274756E-08,38642540.3076451,
719,60.33947924,-0.820005536079407,-1.98502014825408E-08,41309683.2694943,
720,60.42223792,-0.809984087944031,-1.83379640361636E-08,44169793.6775692,
721,60.5049675,-0.799997508525848,-1.66512315047385E-08,48044344.8460969,
722,60.5877061,-0.789977312088013,-1.53716541717586E-08,51391821.8079217,
723,60.67044798,-0.779993057250977,-1.420839979005E-08,54896615.2963404,
724,60.7531604,-0.770005166530609,-1.32777939754192E-08,57991950.1655244,
725,60.83587494,-0.759985208511353,-1.19400507259115E-08,63650082.0605461,
726,60.9186232,-0.749998688697815,-1.1067605498738E-08,67765217.0366333,
727,61.00135148,-0.739982426166534,-1.03114885519062E-08,71762910.1212296,
728,61.08407684,-0.729994773864746,-9.38088184909702E-09,77817286.8614706,
729,61.16681146,-0.720003664493561,-8.91558027404926E-09,80757913.9396331,
730,61.24951894,-0.709983348846436,-8.27578894302405E-09,85790412.7007619,
731,61.33221588,-0.699996948242188,-7.40334593629655E-09,94551430.4296247,
732,61.41496448,-0.690008938312531,-7.11253189678018E-09,97013123.9235489,
733,61.49768992,-0.679992258548737,-6.35641450585922E-09,106977330.997205,
734,61.5804012,-0.67000538110733,-5.94927485053631E-09,112619671.798645,
735,61.66312864,-0.659985303878784,-5.42581402029896E-09,121638025.448285,
736,61.74585596,-0.650000631809235,-5.19317211455927E-09,125164469.320578,
737,61.82858172,-0.640012741088867,-4.84420947799435E-09,132119129.859316,
738,61.91132108,-0.629997670650482,-4.61156801634388E-09,136612464.224252,
739,61.99405454,-0.620007812976837,-4.08812361740729E-09,151660730.203176,
740,62.07679472,-0.60998922586441,-3.79732156829959E-09,160636705.344277,
741,62.15953818,-0.600001811981201,-3.62284002797253E-09,165616424.503564,
742,62.24228464,-0.590009033679962,-3.27387739140761E-09,180217205.210085,
743,62.32501664,-0.579990863800049,-3.39019856632206E-09,171078729.59467,
744,62.40775322,-0.570006430149078,-2.92491475484269E-09,194879672.717072,
745,62.49049786,-0.559987664222717,-2.86675416738547E-09,195338571.613009,
746,62.5732243,-0.549998819828033,-2.4014703559061E-09,229025862.624281,
747,62.65596084,-0.540011048316956,-2.34330999049348E-09,230447977.650295,
748,62.73870158,-0.529990494251251,-2.63411337186881E-09,201202613.339016,
749,62.8214384,-0.520002841949463,-2.3433106566273E-09,221909476.867185,
750,62.904162,-0.509987413883209,-2.11067074928906E-09,241623386.335832,
751,62.98691924,-0.499999761581421,-2.1106727476905E-09,236891181.794298,
752,63.06965348,-0.490012943744659,-2.05251060592104E-09,238738324.825742,
753,63.15237064,-0.4799924492836,-2.05251171614407E-09,233856131.250414,
754,63.23510632,-0.470005214214325,-1.52906487471682E-09,307380819.470703,
755,63.31784394,-0.459987461566925,-1.76170811272414E-09,261103106.833995,
756,63.40058884,-0.449997812509537,-1.76170855681335E-09,255432608.741773,
757,63.48333096,-0.440010249614716,-1.47090517543802E-09,299142498.756716,
758,63.5660785,-0.429990887641907,-1.52906576289524E-09,281211507.102043,
759,63.64881566,-0.42000213265419,-1.52906531880603E-09,274678999.967214,
760,63.7315607,-0.409981518983841,-1.23826282560913E-09,331094102.564343,
761,63.81428624,-0.399997115135193,-1.29642296897714E-09,308539052.999643,
762,63.89704584,-0.390008747577667,-1.18010312633032E-09,330487004.801392,
763,63.97978812,-0.379987955093384,-1.00562003169102E-09,377864345.496784,
764,64.06252944,-0.369999796152115,-1.23826415787676E-09,298805221.647174,
765,64.14526418,-0.359981030225754,-1.06378195141588E-09,338397384.677024,
766,64.22802754,-0.349997133016586,-1.23826238151992E-09,282651833.924712,
767,64.31077564,-0.340011149644852,-1.00562580485075E-09,338109014.312052,
768,64.39351596,-0.329989075660706,-1.18010623495479E-09,279626584.358608,
769,64.47627062,-0.319995939731598,-9.47461664679849E-10,337740250.250363,
770,64.55902664,-0.309977740049362,-9.47463885125899E-10,327165757.888674,
771,64.64177654,-0.299988985061646,-9.47462108769059E-10,316623728.046909,
772,64.72454294,-0.290006101131439,-1.00562314031549E-09,288384474.765026,
773,64.80729076,-0.279984444379807,-7.14820647118586E-10,391684886.983068,
774,64.89003634,-0.269996613264084,-1.00562402849391E-09,268486636.768662,
775,64.97280796,-0.259976178407669,-8.89302853579466E-10,292337056.337173,
776,65.05556744,-0.249987155199051,-8.89301521311836E-10,281105057.405375,
777,65.13831974,-0.240005046129227,-7.14821979386215E-10,335754989.424511,
778,65.2210895,-0.229985624551773,-1.00562402849391E-09,228699412.539112,
779,65.3038591,-0.219996973872185,-8.31140489765403E-10,264692884.754394,
780,65.38877636,-0.209989354014397,-7.14820647118586E-10,293765093.189257,
781,65.47151644,-0.19998861849308,-8.31142266122242E-10,240618997.065499,
782,65.55428252,-0.189992025494576,-6.56660059661363E-10,289330868.68806,
783,65.63702356,-0.179991483688354,-6.56660947839782E-10,274101093.236125,
784,65.71977434,-0.169993534684181,-5.40339328836126E-10,314605148.306236,
785,65.8025448,-0.159992694854736,-5.98499472204139E-10,267323034.163287,
786,65.88527828,-0.149989798665047,-4.24021706635358E-10,353731415.910818,
787,65.96803428,-0.139994874596596,-5.98503913096238E-10,233908035.575508,
788,66.0507912,-0.129993572831154,-7.72985231378698E-10,168170836.329301,
789,66.13354062,-0.119994968175888,-5.40341105192965E-10,222072626.018403,
790,66.21627912,-0.109994374215603,-4.24019930278519E-10,259408500.311183,
791,66.29904242,-0.0999976396560669,-7.14821979386215E-10,139891668.890666,
792,66.3817924,-0.0899936109781265,-5.98500360382559E-10,150365174.250861,
793,66.46452878,-0.0799976736307144,-5.40340661103755E-10,148050441.858851,
794,66.54729512,-0.0699957981705666,-7.72982566843439E-10,90552880.7155409,
795,66.6300355,-0.0599974766373634,-5.40340661103755E-10,111036390.477826,
796,66.71277938,-0.0499958284199238,-3.65859786910505E-10,136652975.28901,
797,66.79552928,-0.0399946384131908,-5.98502136739398E-10,66824554.0961292,
798,66.87827528,-0.0299950577318668,-4.24020818456938E-10,70739587.365126,
799,66.96320116,-0.0199990291148424,-8.31142710211452E-10,24062088.0976679,
800,67.04596968,-0.00999953504651785,-7.72986563646327E-10,12936233.9745572,
801,67.12871192,8.74387296789791E-07,-4.82183182271001E-10,-1813.39235572584,
